snp_id	count_0	count_1	count_2	n_non_missing	MAF	  chrom	  pos	  maf
rs100000	102	85	13	200	0.2775	9	100000	0.3057
rs100001	161	37	2	200	0.1025	15	100100	0.0922
rs100002	119	64	17	200	0.245	4	100200	0.2155
rs100003	127	69	4	200	0.1925	17	100300	0.1693
rs100004	148	50	2	200	0.135	7	100400	0.1598
rs100005	60	96	44	200	0.46	13	100500	0.4879
rs100006	118	70	12	200	0.235	9	100600	0.2269
rs100007	67	92	41	200	0.435	19	100700	0.4514
rs100008	103	77	20	200	0.2925	9	100800	0.334
rs100009	75	98	27	200	0.38	10	100900	0.4077
rs100010	109	75	16	200	0.2675	13	101000	0.2762
rs100011	93	89	18	200	0.3125	13	101100	0.3096
rs100012	111	73	16	200	0.2625	22	101200	0.2716
rs100013	149	50	1	200	0.13	14	101300	0.1379
rs100014	79	92	29	200	0.375	1	101400	0.3751
rs100015	140	52	8	200	0.17	17	101500	0.1763
rs100016	181	18	1	200	0.05	14	101600	0.0609
rs100017	90	81	29	200	0.3475	4	101700	0.3405
rs100018	151	45	4	200	0.1325	22	101800	0.1297
rs100019	67	90	43	200	0.44	16	101900	0.4732
rs100020	44	110	46	200	0.505	17	102000	0.4793
rs100021	65	93	42	200	0.4425	8	102100	0.4617
rs100022	126	67	7	200	0.2025	8	102200	0.2166
rs100023	171	29	0	200	0.0725	5	102300	0.057
rs100024	55	103	42	200	0.4675	20	102400	0.4677
rs100025	129	56	15	200	0.215	15	102500	0.2427
rs100026	54	108	38	200	0.46	12	102600	0.485
rs100027	60	104	36	200	0.44	12	102700	0.4836
rs100028	69	96	35	200	0.415	22	102800	0.4339
rs100029	140	53	7	200	0.1675	6	102900	0.1825
rs100030	125	66	9	200	0.21	11	103000	0.2233
rs100031	67	91	42	200	0.4375	6	103100	0.433
rs100032	146	51	3	200	0.1425	11	103200	0.1926
rs100033	161	37	2	200	0.1025	20	103300	0.1263
rs100034	93	85	22	200	0.3225	15	103400	0.3006
rs100035	50	111	39	200	0.4725	6	103500	0.4713
rs100036	87	88	25	200	0.345	3	103600	0.3632
rs100037	101	82	17	200	0.29	3	103700	0.3065
rs100038	163	34	3	200	0.1	14	103800	0.0937
rs100039	88	91	21	200	0.3325	21	103900	0.3268
rs100040	49	94	57	200	0.52	8	104000	0.4955
rs100041	155	43	2	200	0.1175	13	104100	0.113
rs100042	102	83	15	200	0.2825	5	104200	0.2832
rs100043	57	98	45	200	0.47	5	104300	0.4448
rs100044	69	102	29	200	0.4	1	104400	0.3833
rs100045	83	87	30	200	0.3675	15	104500	0.3637
rs100046	77	96	27	200	0.375	1	104600	0.3661
rs100047	131	59	10	200	0.1975	7	104700	0.2118
rs100048	121	68	11	200	0.225	22	104800	0.1821
rs100049	66	104	30	200	0.41	11	104900	0.4142
rs100050	71	93	36	200	0.4125	5	105000	0.4146
rs100051	72	92	36	200	0.41	8	105100	0.4402
rs100052	59	105	36	200	0.4425	22	105200	0.461
rs100053	102	77	21	200	0.2975	1	105300	0.2801
rs100054	107	72	21	200	0.285	6	105400	0.2757
rs100055	78	86	36	200	0.395	11	105500	0.4092
rs100056	95	84	21	200	0.315	18	105600	0.3425
rs100057	80	92	28	200	0.37	10	105700	0.3659
rs100058	71	89	40	200	0.4225	3	105800	0.4081
rs100059	62	100	38	200	0.44	9	105900	0.4505
rs100060	122	67	11	200	0.2225	9	106000	0.2021
rs100061	122	63	15	200	0.2325	3	106100	0.219
rs100062	161	38	1	200	0.1	15	106200	0.0923
rs100063	99	88	13	200	0.285	5	106300	0.3102
rs100064	180	19	1	200	0.0525	4	106400	0.0662
rs100065	101	86	13	200	0.28	21	106500	0.2595
rs100066	91	97	12	200	0.3025	21	106600	0.2942
rs100067	135	61	4	200	0.1725	20	106700	0.1789
rs100068	97	81	22	200	0.3125	21	106800	0.3159
rs100069	168	29	3	200	0.0875	21	106900	0.0637
rs100070	173	26	1	200	0.07	9	107000	0.0668
rs100071	65	107	28	200	0.4075	5	107100	0.4202
rs100072	122	71	7	200	0.2125	22	107200	0.2121
rs100073	152	47	1	200	0.1225	8	107300	0.1072
rs100074	89	97	14	200	0.3125	11	107400	0.285
rs100075	64	114	22	200	0.395	2	107500	0.3965
rs100076	147	47	6	200	0.1475	13	107600	0.1471
rs100077	88	92	20	200	0.33	17	107700	0.3303
rs100078	169	30	1	200	0.08	8	107800	0.0884
rs100079	168	30	2	200	0.085	20	107900	0.0733
rs100080	99	81	20	200	0.3025	6	108000	0.2891
rs100081	100	89	11	200	0.2775	12	108100	0.2933
rs100082	74	96	30	200	0.39	9	108200	0.3368
rs100083	75	94	31	200	0.39	15	108300	0.3767
rs100084	56	94	50	200	0.485	15	108400	0.4891
rs100085	89	87	24	200	0.3375	5	108500	0.2823
rs100086	131	59	10	200	0.1975	13	108600	0.1953
rs100087	61	109	30	200	0.4225	21	108700	0.4078
rs100088	127	66	7	200	0.2	20	108800	0.1719
rs100089	113	78	9	200	0.24	14	108900	0.2475
rs100090	163	36	1	200	0.095	14	109000	0.0853
rs100091	176	24	0	200	0.06	11	109100	0.0614
rs100092	44	104	52	200	0.52	13	109200	0.4832
rs100093	65	87	48	200	0.4575	2	109300	0.4262
rs100094	82	95	23	200	0.3525	8	109400	0.3632
rs100095	115	73	12	200	0.2425	1	109500	0.234
rs100096	152	48	0	200	0.12	9	109600	0.128
rs100097	149	46	5	200	0.14	17	109700	0.1204
rs100098	136	57	7	200	0.1775	8	109800	0.1626
rs100099	103	76	21	200	0.295	21	109900	0.2972
rs100100	68	95	37	200	0.4225	18	110000	0.3716
rs100101	66	107	27	200	0.4025	2	110100	0.3471
rs100102	127	65	8	200	0.2025	12	110200	0.176
rs100103	48	104	48	200	0.5	15	110300	0.4797
rs100104	73	106	21	200	0.37	1	110400	0.3821
rs100105	99	80	21	200	0.305	8	110500	0.2995
rs100106	88	83	29	200	0.3525	10	110600	0.3253
rs100107	122	61	17	200	0.2375	16	110700	0.2388
rs100108	144	49	7	200	0.1575	5	110800	0.1615
rs100109	130	55	15	200	0.2125	21	110900	0.2102
rs100110	65	110	25	200	0.4	19	111000	0.391
rs100111	180	20	0	200	0.05	9	111100	0.0565
rs100112	163	33	4	200	0.1025	19	111200	0.1022
rs100113	168	31	1	200	0.0825	3	111300	0.0707
rs100114	168	32	0	200	0.08	21	111400	0.0683
rs100115	59	110	31	200	0.43	4	111500	0.435
rs100116	84	97	19	200	0.3375	1	111600	0.3666
rs100117	118	71	11	200	0.2325	18	111700	0.2634
rs100118	161	35	4	200	0.1075	13	111800	0.094
rs100119	115	74	11	200	0.24	14	111900	0.2712
rs100120	112	72	16	200	0.26	12	112000	0.2631
rs100121	151	48	1	200	0.125	17	112100	0.1279
rs100122	110	76	14	200	0.26	14	112200	0.2452
rs100123	114	81	5	200	0.2275	15	112300	0.2293
rs100124	79	96	25	200	0.365	15	112400	0.3271
rs100125	97	74	29	200	0.33	13	112500	0.3358
rs100126	174	26	0	200	0.065	17	112600	0.0704
rs100127	130	68	2	200	0.18	18	112700	0.2186
rs100128	90	90	20	200	0.325	21	112800	0.3316
rs100129	118	69	13	200	0.2375	19	112900	0.2764
rs100130	76	90	34	200	0.395	19	113000	0.4354
rs100131	88	96	16	200	0.32	14	113100	0.3464
rs100132	151	45	4	200	0.1325	6	113200	0.1233
rs100133	178	21	1	200	0.0575	1	113300	0.0818
rs100134	93	86	21	200	0.32	2	113400	0.3391
rs100135	182	17	1	200	0.0475	16	113500	0.0619
rs100136	95	88	17	200	0.305	2	113600	0.3136
rs100137	48	100	52	200	0.51	14	113700	0.4731
rs100138	114	67	19	200	0.2625	19	113800	0.309
rs100139	119	72	9	200	0.225	18	113900	0.2247
rs100140	84	90	26	200	0.355	7	114000	0.3395
rs100141	107	78	15	200	0.27	8	114100	0.2562
rs100142	101	78	21	200	0.3	7	114200	0.2955
rs100143	58	96	46	200	0.47	7	114300	0.4737
rs100144	114	69	17	200	0.2575	12	114400	0.2237
rs100145	60	93	47	200	0.4675	6	114500	0.4825
rs100146	56	98	46	200	0.475	16	114600	0.4574
rs100147	147	47	6	200	0.1475	11	114700	0.1381
rs100148	164	33	3	200	0.0975	15	114800	0.0812
rs100149	165	34	1	200	0.09	12	114900	0.0954
rs100150	180	20	0	200	0.05	21	115000	0.0582
rs100151	167	31	2	200	0.0875	17	115100	0.0925
rs100152	80	96	24	200	0.36	19	115200	0.3574
rs100153	173	25	2	200	0.0725	16	115300	0.082
rs100154	135	59	6	200	0.1775	10	115400	0.1935
rs100155	65	92	43	200	0.445	14	115500	0.4302
rs100156	177	23	0	200	0.0575	5	115600	0.0605
rs100157	70	100	30	200	0.4	17	115700	0.4165
rs100158	128	69	3	200	0.1875	7	115800	0.1768
rs100159	157	41	2	200	0.1125	10	115900	0.1032
rs100160	98	88	14	200	0.29	15	116000	0.3635
rs100161	81	97	22	200	0.3525	13	116100	0.333
rs100162	65	102	33	200	0.42	3	116200	0.4449
rs100163	61	104	35	200	0.435	5	116300	0.3808
rs100164	72	99	29	200	0.3925	20	116400	0.4116
rs100165	137	56	7	200	0.175	22	116500	0.1769
rs100166	152	46	2	200	0.125	3	116600	0.1298
rs100167	80	99	21	200	0.3525	9	116700	0.3878
rs100168	74	83	43	200	0.4225	20	116800	0.4131
rs100169	46	107	47	200	0.5025	20	116900	0.4957
rs100170	121	68	11	200	0.225	8	117000	0.2357
rs100171	128	60	12	200	0.21	21	117100	0.2174
rs100172	89	86	25	200	0.34	8	117200	0.3994
rs100173	126	61	13	200	0.2175	4	117300	0.2034
rs100174	59	95	46	200	0.4675	18	117400	0.4688
rs100175	52	103	45	200	0.4825	11	117500	0.4363
rs100176	109	80	11	200	0.255	14	117600	0.243
rs100177	75	95	30	200	0.3875	18	117700	0.3879
rs100178	77	100	23	200	0.365	12	117800	0.3895
rs100179	163	36	1	200	0.095	22	117900	0.0964
rs100180	65	84	51	200	0.465	17	118000	0.4561
rs100181	105	77	18	200	0.2825	18	118100	0.2774
rs100182	55	110	35	200	0.45	1	118200	0.4219
rs100183	133	63	4	200	0.1775	3	118300	0.194
rs100184	65	96	39	200	0.435	13	118400	0.453
rs100185	121	72	7	200	0.215	10	118500	0.2251
rs100186	174	26	0	200	0.065	3	118600	0.0549
rs100187	69	89	42	200	0.4325	9	118700	0.4574
rs100188	167	32	1	200	0.085	20	118800	0.0911
rs100189	119	67	14	200	0.2375	15	118900	0.1937
rs100190	45	101	54	200	0.5225	5	119000	0.4775
rs100191	60	102	38	200	0.445	10	119100	0.4778
rs100192	106	74	20	200	0.285	18	119200	0.308
rs100193	90	86	24	200	0.335	4	119300	0.3343
rs100194	117	66	17	200	0.25	10	119400	0.2518
rs100195	127	63	10	200	0.2075	3	119500	0.1819
rs100196	128	66	6	200	0.195	16	119600	0.1979
rs100197	93	86	21	200	0.32	11	119700	0.3526
rs100198	69	99	32	200	0.4075	1	119800	0.3886
rs100199	73	91	36	200	0.4075	6	119900	0.4062
rs100200	60	111	29	200	0.4225	16	120000	0.4053
rs100201	153	44	3	200	0.125	4	120100	0.091
rs100202	110	75	15	200	0.2625	14	120200	0.2725
rs100203	179	19	2	200	0.0575	11	120300	0.0759
rs100204	97	84	19	200	0.305	14	120400	0.2973
rs100205	116	75	9	200	0.2325	7	120500	0.2487
rs100206	71	87	42	200	0.4275	16	120600	0.4495
rs100207	127	58	15	200	0.22	21	120700	0.2079
rs100208	172	25	3	200	0.0775	20	120800	0.1027
rs100209	156	43	1	200	0.1125	11	120900	0.1143
rs100210	76	99	25	200	0.3725	21	121000	0.3927
rs100211	97	86	17	200	0.3	14	121100	0.3282
rs100212	163	36	1	200	0.095	19	121200	0.0955
rs100213	164	34	2	200	0.095	15	121300	0.0878
rs100214	77	91	32	200	0.3875	4	121400	0.3654
rs100215	168	29	3	200	0.0875	1	121500	0.0827
rs100216	78	86	36	200	0.395	11	121600	0.4198
rs100217	68	106	26	200	0.395	11	121700	0.3678
rs100218	176	24	0	200	0.06	14	121800	0.0866
rs100219	164	32	4	200	0.1	8	121900	0.0882
rs100220	50	103	47	200	0.4925	5	122000	0.494
rs100221	123	73	4	200	0.2025	7	122100	0.2184
rs100222	117	77	6	200	0.2225	20	122200	0.2168
rs100223	68	101	31	200	0.4075	21	122300	0.4158
rs100224	59	101	40	200	0.4525	3	122400	0.4763
rs100225	49	94	57	200	0.52	14	122500	0.4937
rs100226	82	75	43	200	0.4025	2	122600	0.389
rs100227	118	68	14	200	0.24	22	122700	0.2193
rs100228	167	31	2	200	0.0875	19	122800	0.0876
rs100229	80	89	31	200	0.3775	9	122900	0.3997
rs100230	118	67	15	200	0.2425	8	123000	0.3013
rs100231	111	77	12	200	0.2525	12	123100	0.2409
rs100232	53	99	48	200	0.4875	18	123200	0.4579
rs100233	174	25	1	200	0.0675	1	123300	0.1
rs100234	107	85	8	200	0.2525	22	123400	0.2717
rs100235	182	17	1	200	0.0475	18	123500	0.0551
rs100236	105	81	14	200	0.2725	16	123600	0.2609
rs100237	175	24	1	200	0.065	5	123700	0.0753
rs100238	174	24	2	200	0.07	16	123800	0.1035
rs100239	161	38	1	200	0.1	9	123900	0.1029
rs100240	91	84	25	200	0.335	16	124000	0.3421
rs100241	66	96	38	200	0.43	6	124100	0.3857
rs100242	83	99	18	200	0.3375	7	124200	0.3125
rs100243	47	110	43	200	0.49	21	124300	0.483
rs100244	117	75	8	200	0.2275	7	124400	0.2187
rs100245	132	61	7	200	0.1875	14	124500	0.1786
rs100246	57	95	48	200	0.4775	11	124600	0.4409
rs100247	144	53	3	200	0.1475	19	124700	0.1506
rs100248	52	102	46	200	0.485	10	124800	0.4835
rs100249	183	16	1	200	0.045	19	124900	0.0555
rs100250	47	102	51	200	0.51	3	125000	0.4864
rs100251	172	28	0	200	0.07	21	125100	0.0694
rs100252	55	115	30	200	0.4375	2	125200	0.451
rs100253	108	84	8	200	0.25	21	125300	0.2875
rs100254	44	101	55	200	0.5275	4	125400	0.4968
rs100255	169	29	2	200	0.0825	3	125500	0.0832
rs100256	102	76	22	200	0.3	19	125600	0.2992
rs100257	50	103	47	200	0.4925	16	125700	0.4862
rs100258	106	74	20	200	0.285	11	125800	0.2854
rs100259	83	94	23	200	0.35	8	125900	0.3332
rs100260	83	94	23	200	0.35	18	126000	0.3631
rs100261	110	78	12	200	0.255	7	126100	0.2545
rs100262	90	92	18	200	0.32	10	126200	0.3324
rs100263	81	100	19	200	0.345	15	126300	0.3129
rs100264	55	103	42	200	0.4675	12	126400	0.4555
rs100265	169	29	2	200	0.0825	13	126500	0.0705
rs100266	135	57	8	200	0.1825	13	126600	0.1764
rs100267	57	107	36	200	0.4475	4	126700	0.4777
rs100268	60	103	37	200	0.4425	3	126800	0.4506
rs100269	99	85	16	200	0.2925	10	126900	0.255
rs100270	91	82	27	200	0.34	4	127000	0.3291
rs100271	131	65	4	200	0.1825	4	127100	0.1748
rs100272	154	43	3	200	0.1225	13	127200	0.1347
rs100273	105	79	16	200	0.2775	17	127300	0.2587
rs100274	127	65	8	200	0.2025	18	127400	0.209
rs100275	94	90	16	200	0.305	13	127500	0.3126
rs100276	167	32	1	200	0.085	10	127600	0.085
rs100277	47	103	50	200	0.5075	13	127700	0.4885
rs100278	49	104	47	200	0.495	4	127800	0.4938
rs100279	79	96	25	200	0.365	11	127900	0.3642
rs100280	87	99	14	200	0.3175	16	128000	0.2912
rs100281	140	54	6	200	0.165	17	128100	0.1893
rs100282	61	97	42	200	0.4525	14	128200	0.4162
rs100283	84	92	24	200	0.35	3	128300	0.3581
rs100284	152	46	2	200	0.125	7	128400	0.1232
rs100285	50	110	40	200	0.475	22	128500	0.4599
rs100286	71	87	42	200	0.4275	3	128600	0.4201
rs100287	62	103	35	200	0.4325	9	128700	0.4774
rs100288	89	88	23	200	0.335	11	128800	0.3766
rs100289	103	78	19	200	0.29	13	128900	0.326
rs100290	124	68	8	200	0.21	13	129000	0.2382
rs100291	55	111	34	200	0.4475	10	129100	0.4697
rs100292	62	106	32	200	0.425	18	129200	0.4397
rs100293	167	32	1	200	0.085	18	129300	0.0703
rs100294	169	30	1	200	0.08	3	129400	0.0619
rs100295	131	58	11	200	0.2	14	129500	0.2194
rs100296	71	101	28	200	0.3925	21	129600	0.4147
rs100297	46	93	61	200	0.5375	1	129700	0.4943
rs100298	161	34	5	200	0.11	19	129800	0.1177
rs100299	94	87	19	200	0.3125	3	129900	0.3174
rs100300	121	68	11	200	0.225	21	130000	0.2214
rs100301	50	85	65	200	0.5375	16	130100	0.4865
rs100302	59	97	44	200	0.4625	2	130200	0.429
rs100303	76	86	38	200	0.405	12	130300	0.4272
rs100304	107	83	10	200	0.2575	13	130400	0.2609
rs100305	119	72	9	200	0.225	16	130500	0.2367
rs100306	131	61	8	200	0.1925	16	130600	0.173
rs100307	179	20	1	200	0.055	16	130700	0.0754
rs100308	65	100	35	200	0.425	4	130800	0.4391
rs100309	79	86	35	200	0.39	16	130900	0.4158
rs100310	50	99	51	200	0.5025	19	131000	0.4999
rs100311	44	101	55	200	0.5275	11	131100	0.4985
rs100312	92	89	19	200	0.3175	4	131200	0.2999
rs100313	70	104	26	200	0.39	11	131300	0.396
rs100314	55	105	40	200	0.4625	14	131400	0.4751
rs100315	72	96	32	200	0.4	20	131500	0.4323
rs100316	139	56	5	200	0.165	3	131600	0.1613
rs100317	115	73	12	200	0.2425	16	131700	0.2527
rs100318	162	34	4	200	0.105	4	131800	0.1081
rs100319	55	99	46	200	0.4775	15	131900	0.4793
rs100320	86	94	20	200	0.335	4	132000	0.3228
rs100321	143	53	4	200	0.1525	20	132100	0.1529
rs100322	92	91	17	200	0.3125	3	132200	0.3523
rs100323	93	85	22	200	0.3225	10	132300	0.3282
rs100324	133	61	6	200	0.1825	17	132400	0.2112
rs100325	164	36	0	200	0.09	2	132500	0.1011
rs100326	85	93	22	200	0.3425	8	132600	0.3522
rs100327	100	83	17	200	0.2925	21	132700	0.2841
rs100328	72	86	42	200	0.425	10	132800	0.3975
rs100329	104	84	12	200	0.27	5	132900	0.2841
rs100330	62	97	41	200	0.4475	12	133000	0.4335
rs100331	90	93	17	200	0.3175	4	133100	0.2984
rs100332	91	87	22	200	0.3275	9	133200	0.3024
rs100333	72	92	36	200	0.41	19	133300	0.4445
rs100334	119	65	16	200	0.2425	15	133400	0.2316
rs100335	149	50	1	200	0.13	18	133500	0.1103
rs100336	181	18	1	200	0.05	4	133600	0.063
rs100337	68	103	29	200	0.4025	19	133700	0.3898
rs100338	90	87	23	200	0.3325	10	133800	0.3291
rs100339	91	84	25	200	0.335	2	133900	0.3668
rs100340	153	42	5	200	0.13	14	134000	0.1458
rs100341	169	29	2	200	0.0825	14	134100	0.1114
rs100342	173	25	2	200	0.0725	8	134200	0.0565
rs100343	128	66	6	200	0.195	21	134300	0.2078
rs100344	100	78	22	200	0.305	22	134400	0.3155
rs100345	120	77	3	200	0.2075	12	134500	0.2265
rs100346	106	82	12	200	0.265	22	134600	0.2469
rs100347	53	107	40	200	0.4675	14	134700	0.4569
rs100348	128	67	5	200	0.1925	22	134800	0.2067
rs100349	100	82	18	200	0.295	6	134900	0.2813
rs100350	78	101	21	200	0.3575	7	135000	0.4026
rs100351	117	76	7	200	0.225	14	135100	0.2284
rs100352	90	89	21	200	0.3275	4	135200	0.3299
rs100353	64	92	44	200	0.45	21	135300	0.4381
rs100354	41	95	64	200	0.5575	17	135400	0.4773
rs100355	146	51	3	200	0.1425	9	135500	0.1162
rs100356	57	101	42	200	0.4625	9	135600	0.467
rs100357	117	73	10	200	0.2325	11	135700	0.2715
rs100358	136	61	3	200	0.1675	22	135800	0.1662
rs100359	106	81	13	200	0.2675	21	135900	0.2566
rs100360	59	92	49	200	0.475	22	136000	0.491
rs100361	113	73	14	200	0.2525	14	136100	0.2717
rs100362	136	59	5	200	0.1725	1	136200	0.1979
rs100363	86	84	30	200	0.36	13	136300	0.335
rs100364	147	46	7	200	0.15	1	136400	0.1581
rs100365	169	28	3	200	0.085	12	136500	0.0841
rs100366	166	31	3	200	0.0925	21	136600	0.108
rs100367	153	44	3	200	0.125	1	136700	0.1076
rs100368	158	40	2	200	0.11	18	136800	0.1184
rs100369	155	42	3	200	0.12	11	136900	0.1125
rs100370	91	86	23	200	0.33	3	137000	0.3384
rs100371	154	41	5	200	0.1275	16	137100	0.1318
rs100372	125	64	11	200	0.215	4	137200	0.2056
rs100373	60	94	46	200	0.465	2	137300	0.4536
rs100374	121	74	5	200	0.21	15	137400	0.2633
rs100375	71	100	29	200	0.395	22	137500	0.3504
rs100376	155	43	2	200	0.1175	7	137600	0.1275
rs100377	154	42	4	200	0.125	13	137700	0.1365
rs100378	175	24	1	200	0.065	13	137800	0.0684
rs100379	155	42	3	200	0.12	13	137900	0.126
rs100380	129	65	6	200	0.1925	11	138000	0.1754
rs100381	153	42	5	200	0.13	12	138100	0.1297
rs100382	173	24	3	200	0.075	14	138200	0.0899
rs100383	165	34	1	200	0.09	9	138300	0.1043
rs100384	101	93	6	200	0.2625	10	138400	0.2574
rs100385	148	48	4	200	0.14	4	138500	0.1429
rs100386	137	57	6	200	0.1725	8	138600	0.2139
rs100387	102	79	19	200	0.2925	7	138700	0.2765
rs100388	77	91	32	200	0.3875	17	138800	0.3607
rs100389	179	21	0	200	0.0525	7	138900	0.0677
rs100390	76	84	40	200	0.41	22	139000	0.4097
rs100391	87	92	21	200	0.335	13	139100	0.3326
rs100392	163	34	3	200	0.1	11	139200	0.0868
rs100393	64	92	44	200	0.45	12	139300	0.4431
rs100394	63	92	45	200	0.455	12	139400	0.4644
rs100395	166	32	2	200	0.09	1	139500	0.0775
rs100396	130	58	12	200	0.205	10	139600	0.1746
rs100397	62	99	39	200	0.4425	10	139700	0.4128
rs100398	69	99	32	200	0.4075	20	139800	0.3867
rs100399	144	50	6	200	0.155	8	139900	0.133
rs100400	150	49	1	200	0.1275	19	140000	0.1442
rs100401	121	71	8	200	0.2175	13	140100	0.2167
rs100402	109	74	17	200	0.27	14	140200	0.268
rs100403	90	89	21	200	0.3275	5	140300	0.3282
rs100404	129	65	6	200	0.1925	15	140400	0.216
rs100405	118	71	11	200	0.2325	20	140500	0.2581
rs100406	75	87	38	200	0.4075	4	140600	0.3864
rs100407	168	32	0	200	0.08	21	140700	0.0665
rs100408	135	61	4	200	0.1725	21	140800	0.1636
rs100409	71	104	25	200	0.385	17	140900	0.371
rs100410	57	100	43	200	0.465	19	141000	0.4528
rs100411	105	79	16	200	0.2775	15	141100	0.2803
rs100412	94	93	13	200	0.2975	9	141200	0.2895
rs100413	164	33	3	200	0.0975	17	141300	0.0982
rs100414	106	79	15	200	0.2725	15	141400	0.2513
rs100415	109	76	15	200	0.265	18	141500	0.2897
rs100416	131	63	6	200	0.1875	21	141600	0.1591
rs100417	145	51	4	200	0.1475	14	141700	0.1712
rs100418	109	82	9	200	0.25	1	141800	0.2198
rs100419	175	25	0	200	0.0625	7	141900	0.059
rs100420	129	62	9	200	0.2	18	142000	0.1949
rs100421	135	63	2	200	0.1675	4	142100	0.1452
rs100422	130	62	8	200	0.195	21	142200	0.1974
rs100423	156	41	3	200	0.1175	7	142300	0.1039
rs100424	63	93	44	200	0.4525	18	142400	0.4507
rs100425	105	77	18	200	0.2825	19	142500	0.3171
rs100426	94	89	17	200	0.3075	16	142600	0.3556
rs100427	69	98	33	200	0.41	19	142700	0.4051
rs100428	101	88	11	200	0.275	21	142800	0.2743
rs100429	172	27	1	200	0.0725	6	142900	0.0891
rs100430	100	78	22	200	0.305	11	143000	0.2917
rs100431	89	89	22	200	0.3325	19	143100	0.3141
rs100432	83	88	29	200	0.365	9	143200	0.3854
rs100433	124	67	9	200	0.2125	16	143300	0.2442
rs100434	159	40	1	200	0.105	2	143400	0.1074
rs100435	137	60	3	200	0.165	22	143500	0.1777
rs100436	129	58	13	200	0.21	9	143600	0.2134
rs100437	81	89	30	200	0.3725	8	143700	0.3407
rs100438	104	69	27	200	0.3075	3	143800	0.3069
rs100439	143	49	8	200	0.1625	11	143900	0.2102
rs100440	50	109	41	200	0.4775	18	144000	0.4939
rs100441	87	87	26	200	0.3475	14	144100	0.3226
rs100442	144	51	5	200	0.1525	4	144200	0.1568
rs100443	170	28	2	200	0.08	8	144300	0.0958
rs100444	155	42	3	200	0.12	8	144400	0.1188
rs100445	131	60	9	200	0.195	3	144500	0.1607
rs100446	146	51	3	200	0.1425	10	144600	0.1223
rs100447	142	51	7	200	0.1625	10	144700	0.134
rs100448	139	50	11	200	0.18	1	144800	0.1783
rs100449	155	43	2	200	0.1175	5	144900	0.128
rs100450	63	102	35	200	0.43	8	145000	0.4535
rs100451	165	34	1	200	0.09	4	145100	0.0861
rs100452	97	92	11	200	0.285	10	145200	0.286
rs100453	102	89	9	200	0.2675	2	145300	0.2347
rs100454	55	107	38	200	0.4575	5	145400	0.4921
rs100455	168	31	1	200	0.0825	20	145500	0.1004
rs100456	118	75	7	200	0.2225	10	145600	0.229
rs100457	61	105	34	200	0.4325	17	145700	0.4863
rs100458	64	99	37	200	0.4325	2	145800	0.4395
rs100459	70	95	35	200	0.4125	20	145900	0.4177
rs100460	139	55	6	200	0.1675	11	146000	0.1661
rs100461	154	43	3	200	0.1225	6	146100	0.1269
rs100462	84	94	22	200	0.345	16	146200	0.3509
rs100463	61	105	34	200	0.4325	2	146300	0.4682
rs100464	99	89	12	200	0.2825	11	146400	0.3005
rs100465	106	74	20	200	0.285	2	146500	0.3072
rs100466	137	59	4	200	0.1675	11	146600	0.176
rs100467	79	91	30	200	0.3775	18	146700	0.3963
rs100468	148	49	3	200	0.1375	17	146800	0.1342
rs100469	136	56	8	200	0.18	22	146900	0.1957
rs100470	91	103	6	200	0.2875	16	147000	0.2414
rs100471	98	81	21	200	0.3075	14	147100	0.2784
rs100472	138	53	9	200	0.1775	22	147200	0.1591
rs100473	157	40	3	200	0.115	6	147300	0.1017
rs100474	98	89	13	200	0.2875	11	147400	0.3248
rs100475	126	68	6	200	0.2	13	147500	0.1799
rs100476	107	76	17	200	0.275	1	147600	0.3116
rs100477	155	43	2	200	0.1175	6	147700	0.1195
rs100478	121	65	14	200	0.2325	12	147800	0.2665
rs100479	108	76	16	200	0.27	11	147900	0.2897
rs100480	176	23	1	200	0.0625	20	148000	0.0733
rs100481	128	65	7	200	0.1975	2	148100	0.2015
rs100482	162	36	2	200	0.1	11	148200	0.1105
rs100483	171	27	2	200	0.0775	14	148300	0.0785
rs100484	41	111	48	200	0.5175	18	148400	0.4955
rs100485	122	74	4	200	0.205	22	148500	0.1951
rs100486	66	97	37	200	0.4275	1	148600	0.4144
rs100487	146	49	5	200	0.1475	15	148700	0.1646
rs100488	87	101	12	200	0.3125	4	148800	0.3567
rs100489	75	87	38	200	0.4075	12	148900	0.3921
rs100490	86	97	17	200	0.3275	1	149000	0.318
rs100491	108	81	11	200	0.2575	20	149100	0.2622
rs100492	127	57	16	200	0.2225	17	149200	0.2353
rs100493	119	68	13	200	0.235	19	149300	0.207
rs100494	60	101	39	200	0.4475	18	149400	0.4683
rs100495	58	106	36	200	0.445	3	149500	0.4238
rs100496	44	98	58	200	0.535	5	149600	0.4843
rs100497	156	42	2	200	0.115	1	149700	0.1059
rs100498	80	95	25	200	0.3625	8	149800	0.3789
rs100499	57	97	46	200	0.4725	4	149900	0.4723
rs100500	160	35	5	200	0.1125	5	150000	0.1316
rs100501	159	36	5	200	0.115	12	150100	0.0799
rs100502	72	107	21	200	0.3725	10	150200	0.3835
rs100503	87	93	20	200	0.3325	5	150300	0.3085
rs100504	67	99	34	200	0.4175	3	150400	0.4288
rs100505	153	45	2	200	0.1225	14	150500	0.1129
rs100506	71	91	38	200	0.4175	10	150600	0.4079
rs100507	151	44	5	200	0.135	3	150700	0.1407
rs100508	155	43	2	200	0.1175	2	150800	0.1236
rs100509	160	36	4	200	0.11	22	150900	0.1239
rs100510	65	102	33	200	0.42	18	151000	0.4166
rs100511	75	99	26	200	0.3775	21	151100	0.3493
rs100512	111	80	9	200	0.245	13	151200	0.2854
rs100513	111	79	10	200	0.2475	21	151300	0.2115
rs100514	62	95	43	200	0.4525	16	151400	0.4447
rs100515	110	80	10	200	0.25	18	151500	0.2266
rs100516	79	89	32	200	0.3825	13	151600	0.4175
rs100517	110	73	17	200	0.2675	1	151700	0.2476
rs100518	126	68	6	200	0.2	17	151800	0.2196
rs100519	105	81	14	200	0.2725	2	151900	0.2582
rs100520	137	52	11	200	0.185	4	152000	0.1856
rs100521	84	86	30	200	0.365	21	152100	0.3864
rs100522	106	83	11	200	0.2625	1	152200	0.2762
rs100523	139	56	5	200	0.165	12	152300	0.1545
rs100524	66	90	44	200	0.445	9	152400	0.4548
rs100525	118	72	10	200	0.23	11	152500	0.2228
rs100526	106	78	16	200	0.275	17	152600	0.2946
rs100527	50	111	39	200	0.4725	19	152700	0.4579
rs100528	98	82	20	200	0.305	10	152800	0.3309
rs100529	156	41	3	200	0.1175	9	152900	0.1026
rs100530	54	98	48	200	0.485	4	153000	0.4729
rs100531	81	96	23	200	0.355	15	153100	0.3325
rs100532	124	68	8	200	0.21	2	153200	0.2007
rs100533	164	35	1	200	0.0925	4	153300	0.1127
rs100534	80	94	26	200	0.365	13	153400	0.4073
rs100535	90	90	20	200	0.325	11	153500	0.329
rs100536	111	74	15	200	0.26	19	153600	0.2901
rs100537	58	102	40	200	0.455	13	153700	0.4523
rs100538	70	100	30	200	0.4	14	153800	0.4049
rs100539	155	41	4	200	0.1225	9	153900	0.1183
rs100540	123	73	4	200	0.2025	8	154000	0.1903
rs100541	130	63	7	200	0.1925	1	154100	0.1618
rs100542	67	103	30	200	0.4075	20	154200	0.3848
rs100543	174	26	0	200	0.065	2	154300	0.0651
rs100544	98	89	13	200	0.2875	13	154400	0.3065
rs100545	72	91	37	200	0.4125	12	154500	0.3931
rs100546	56	103	41	200	0.4625	7	154600	0.4445
rs100547	125	69	6	200	0.2025	7	154700	0.2039
rs100548	69	90	41	200	0.43	22	154800	0.4196
rs100549	157	42	1	200	0.11	8	154900	0.0998
rs100550	62	101	37	200	0.4375	15	155000	0.4309
rs100551	157	42	1	200	0.11	2	155100	0.1074
rs100552	122	67	11	200	0.2225	19	155200	0.2288
rs100553	59	91	50	200	0.4775	12	155300	0.4088
rs100554	152	48	0	200	0.12	14	155400	0.1175
rs100555	145	54	1	200	0.14	12	155500	0.1532
rs100556	74	86	40	200	0.415	8	155600	0.375
rs100557	74	99	27	200	0.3825	6	155700	0.374
rs100558	86	93	21	200	0.3375	10	155800	0.3385
rs100559	94	88	18	200	0.31	20	155900	0.3623
rs100560	95	82	23	200	0.32	8	156000	0.2942
rs100561	134	58	8	200	0.185	15	156100	0.1633
rs100562	120	69	11	200	0.2275	8	156200	0.2056
rs100563	160	38	2	200	0.105	13	156300	0.1317
rs100564	64	92	44	200	0.45	16	156400	0.4588
rs100565	92	87	21	200	0.3225	19	156500	0.3125
rs100566	113	78	9	200	0.24	1	156600	0.2304
rs100567	103	80	17	200	0.285	14	156700	0.2579
rs100568	45	114	41	200	0.49	8	156800	0.4763
rs100569	154	42	4	200	0.125	10	156900	0.119
rs100570	106	81	13	200	0.2675	1	157000	0.3138
rs100571	104	81	15	200	0.2775	21	157100	0.2776
rs100572	92	88	20	200	0.32	20	157200	0.3252
rs100573	177	22	1	200	0.06	17	157300	0.0581
rs100574	59	106	35	200	0.44	13	157400	0.4425
rs100575	54	96	50	200	0.49	19	157500	0.4695
rs100576	93	92	15	200	0.305	17	157600	0.3043
rs100577	84	90	26	200	0.355	16	157700	0.3635
rs100578	53	105	42	200	0.4725	15	157800	0.4651
rs100579	82	86	32	200	0.375	11	157900	0.3683
rs100580	152	43	5	200	0.1325	3	158000	0.1186
rs100581	99	85	16	200	0.2925	14	158100	0.3093
rs100582	90	92	18	200	0.32	20	158200	0.323
rs100583	118	73	9	200	0.2275	5	158300	0.2409
rs100584	76	92	32	200	0.39	20	158400	0.3814
rs100585	51	103	46	200	0.4875	1	158500	0.4705
rs100586	57	99	44	200	0.4675	20	158600	0.4665
rs100587	115	72	13	200	0.245	15	158700	0.2529
rs100588	166	34	0	200	0.085	9	158800	0.101
rs100589	68	92	40	200	0.43	6	158900	0.4932
rs100590	80	87	33	200	0.3825	16	159000	0.4275
rs100591	162	37	1	200	0.0975	19	159100	0.1061
rs100592	56	97	47	200	0.4775	14	159200	0.4644
rs100593	61	94	45	200	0.46	2	159300	0.4415
rs100594	94	91	15	200	0.3025	11	159400	0.2835
rs100595	92	95	13	200	0.3025	14	159500	0.3161
rs100596	125	69	6	200	0.2025	17	159600	0.2296
rs100597	167	32	1	200	0.085	6	159700	0.0746
rs100598	128	56	16	200	0.22	6	159800	0.2008
rs100599	64	100	36	200	0.43	9	159900	0.4113
rs100600	182	17	1	200	0.0475	7	160000	0.0521
rs100601	131	64	5	200	0.185	2	160100	0.2001
rs100602	133	62	5	200	0.18	17	160200	0.2292
rs100603	107	82	11	200	0.26	14	160300	0.2918
rs100604	55	105	40	200	0.4625	2	160400	0.4639
rs100605	142	48	10	200	0.17	22	160500	0.2059
rs100606	138	55	7	200	0.1725	7	160600	0.2061
rs100607	84	89	27	200	0.3575	16	160700	0.3819
rs100608	111	79	10	200	0.2475	17	160800	0.2535
rs100609	145	52	3	200	0.145	14	160900	0.1511
rs100610	114	78	8	200	0.235	13	161000	0.2536
rs100611	159	37	4	200	0.1125	6	161100	0.1134
rs100612	160	39	1	200	0.1025	16	161200	0.1294
rs100613	110	74	16	200	0.265	7	161300	0.2743
rs100614	106	77	17	200	0.2775	5	161400	0.2385
rs100615	64	100	36	200	0.43	13	161500	0.4617
rs100616	108	84	8	200	0.25	13	161600	0.2131
rs100617	105	69	26	200	0.3025	19	161700	0.3113
rs100618	86	89	25	200	0.3475	9	161800	0.3345
rs100619	180	20	0	200	0.05	7	161900	0.0559
rs100620	83	86	31	200	0.37	10	162000	0.3486
rs100621	166	30	4	200	0.095	7	162100	0.1301
rs100622	52	96	52	200	0.5	15	162200	0.4825
rs100623	163	36	1	200	0.095	12	162300	0.1169
rs100624	107	80	13	200	0.265	1	162400	0.2366
rs100625	167	33	0	200	0.0825	1	162500	0.0884
rs100626	57	93	50	200	0.4825	7	162600	0.4986
rs100627	109	82	9	200	0.25	13	162700	0.276
rs100628	95	91	14	200	0.2975	11	162800	0.3179
rs100629	174	26	0	200	0.065	6	162900	0.0802
rs100630	79	87	34	200	0.3875	13	163000	0.3875
rs100631	136	60	4	200	0.17	17	163100	0.1445
rs100632	55	103	42	200	0.4675	7	163200	0.4541
rs100633	137	58	5	200	0.17	15	163300	0.1423
rs100634	157	35	8	200	0.1275	15	163400	0.1358
rs100635	176	23	1	200	0.0625	9	163500	0.0664
rs100636	102	78	20	200	0.295	5	163600	0.2624
rs100637	92	88	20	200	0.32	9	163700	0.3042
rs100638	180	20	0	200	0.05	9	163800	0.0796
rs100639	71	96	33	200	0.405	9	163900	0.399
rs100640	123	62	15	200	0.23	14	164000	0.254
rs100641	92	94	14	200	0.305	17	164100	0.286
rs100642	123	62	15	200	0.23	8	164200	0.2483
rs100643	122	68	10	200	0.22	16	164300	0.2303
rs100644	96	82	22	200	0.315	2	164400	0.3018
rs100645	150	49	1	200	0.1275	18	164500	0.1199
rs100646	139	55	6	200	0.1675	11	164600	0.1319
rs100647	70	95	35	200	0.4125	13	164700	0.4378
rs100648	51	99	50	200	0.4975	7	164800	0.4758
rs100649	116	70	14	200	0.245	3	164900	0.218
rs100650	130	57	13	200	0.2075	20	165000	0.1718
rs100651	94	81	25	200	0.3275	21	165100	0.3398
rs100652	114	76	10	200	0.24	13	165200	0.2339
rs100653	167	33	0	200	0.0825	8	165300	0.0614
rs100654	155	42	3	200	0.12	17	165400	0.1203
rs100655	75	95	30	200	0.3875	21	165500	0.3722
rs100656	80	87	33	200	0.3825	18	165600	0.3465
rs100657	170	30	0	200	0.075	20	165700	0.0622
rs100658	137	58	5	200	0.17	15	165800	0.1499
rs100659	141	54	5	200	0.16	4	165900	0.154
rs100660	91	84	25	200	0.335	20	166000	0.3524
rs100661	178	21	1	200	0.0575	14	166100	0.0589
rs100662	161	37	2	200	0.1025	2	166200	0.0968
rs100663	70	95	35	200	0.4125	6	166300	0.41
rs100664	148	51	1	200	0.1325	4	166400	0.1303
rs100665	86	84	30	200	0.36	17	166500	0.3437
rs100666	131	65	4	200	0.1825	2	166600	0.1572
rs100667	158	39	3	200	0.1125	18	166700	0.0947
rs100668	131	63	6	200	0.1875	19	166800	0.1594
rs100669	73	99	28	200	0.3875	10	166900	0.375
rs100670	59	112	29	200	0.425	16	167000	0.4351
rs100671	50	116	34	200	0.46	8	167100	0.4236
rs100672	136	57	7	200	0.1775	9	167200	0.2287
rs100673	86	95	19	200	0.3325	5	167300	0.3506
rs100674	144	49	7	200	0.1575	3	167400	0.1422
rs100675	135	58	7	200	0.18	6	167500	0.1819
rs100676	53	108	39	200	0.465	11	167600	0.4534
rs100677	175	24	1	200	0.065	6	167700	0.0559
rs100678	165	34	1	200	0.09	12	167800	0.0885
rs100679	135	60	5	200	0.175	4	167900	0.1435
rs100680	175	25	0	200	0.0625	19	168000	0.0619
rs100681	149	48	3	200	0.135	20	168100	0.1316
rs100682	93	88	19	200	0.315	6	168200	0.3124
rs100683	121	70	9	200	0.22	22	168300	0.2396
rs100684	52	110	38	200	0.465	3	168400	0.4517
rs100685	77	85	38	200	0.4025	4	168500	0.4178
rs100686	117	72	11	200	0.235	3	168600	0.2038
rs100687	136	55	9	200	0.1825	18	168700	0.1667
rs100688	110	80	10	200	0.25	22	168800	0.2209
rs100689	86	91	23	200	0.3425	3	168900	0.3156
rs100690	144	53	3	200	0.1475	1	169000	0.1706
rs100691	93	94	13	200	0.3	7	169100	0.3309
rs100692	111	75	14	200	0.2575	7	169200	0.2342
rs100693	93	83	24	200	0.3275	9	169300	0.2984
rs100694	125	65	10	200	0.2125	4	169400	0.2463
rs100695	136	53	11	200	0.1875	1	169500	0.1825
rs100696	60	98	42	200	0.455	12	169600	0.4768
rs100697	69	96	35	200	0.415	13	169700	0.3936
rs100698	148	50	2	200	0.135	13	169800	0.1131
rs100699	52	105	43	200	0.4775	11	169900	0.4408
rs100700	115	72	13	200	0.245	5	170000	0.2693
rs100701	56	102	42	200	0.465	19	170100	0.4525
rs100702	74	103	23	200	0.3725	13	170200	0.4099
rs100703	111	70	19	200	0.27	4	170300	0.2413
rs100704	177	23	0	200	0.0575	21	170400	0.0601
rs100705	131	66	3	200	0.18	5	170500	0.1709
rs100706	86	90	24	200	0.345	19	170600	0.2937
rs100707	90	89	21	200	0.3275	4	170700	0.3351
rs100708	126	67	7	200	0.2025	5	170800	0.166
rs100709	162	36	2	200	0.1	8	170900	0.1127
rs100710	59	98	43	200	0.46	19	171000	0.4257
rs100711	45	101	54	200	0.5225	11	171100	0.493
rs100712	100	81	19	200	0.2975	11	171200	0.2866
rs100713	152	42	6	200	0.135	10	171300	0.1273
rs100714	132	61	7	200	0.1875	2	171400	0.1725
rs100715	173	24	3	200	0.075	17	171500	0.0583
rs100716	58	104	38	200	0.45	21	171600	0.4614
rs100717	163	37	0	200	0.0925	1	171700	0.103
rs100718	78	102	20	200	0.355	15	171800	0.3094
rs100719	136	58	6	200	0.175	2	171900	0.1733
rs100720	89	92	19	200	0.325	18	172000	0.2994
rs100721	82	94	24	200	0.355	20	172100	0.3431
rs100722	67	90	43	200	0.44	16	172200	0.4234
rs100723	152	46	2	200	0.125	21	172300	0.1429
rs100724	170	28	2	200	0.08	12	172400	0.0549
rs100725	169	28	3	200	0.085	14	172500	0.1116
rs100726	54	93	53	200	0.4975	11	172600	0.455
rs100727	63	97	40	200	0.4425	5	172700	0.4433
rs100728	92	88	20	200	0.32	13	172800	0.3188
rs100729	98	83	19	200	0.3025	21	172900	0.3202
rs100730	83	88	29	200	0.365	10	173000	0.3493
rs100731	143	52	5	200	0.155	3	173100	0.1289
rs100732	50	102	48	200	0.495	7	173200	0.4615
rs100733	112	80	8	200	0.24	8	173300	0.2384
rs100734	130	63	7	200	0.1925	14	173400	0.2224
rs100735	84	99	17	200	0.3325	1	173500	0.2835
rs100736	173	25	2	200	0.0725	20	173600	0.0711
rs100737	143	52	5	200	0.155	14	173700	0.1248
rs100738	84	88	28	200	0.36	22	173800	0.3821
rs100739	168	31	1	200	0.0825	9	173900	0.0873
rs100740	95	91	14	200	0.2975	2	174000	0.3214
rs100741	135	63	2	200	0.1675	12	174100	0.1604
rs100742	126	65	9	200	0.2075	15	174200	0.2252
rs100743	134	61	5	200	0.1775	4	174300	0.1799
rs100744	129	60	11	200	0.205	18	174400	0.2101
rs100745	73	98	29	200	0.39	7	174500	0.3736
rs100746	135	57	8	200	0.1825	10	174600	0.1837
rs100747	101	82	17	200	0.29	8	174700	0.3049
rs100748	107	81	12	200	0.2625	20	174800	0.2642
rs100749	84	85	31	200	0.3675	15	174900	0.3487
rs100750	52	105	43	200	0.4775	9	175000	0.4716
rs100751	75	96	29	200	0.385	5	175100	0.3797
rs100752	128	69	3	200	0.1875	18	175200	0.1467
rs100753	180	20	0	200	0.05	17	175300	0.064
rs100754	145	49	6	200	0.1525	2	175400	0.168
rs100755	94	81	25	200	0.3275	8	175500	0.3178
rs100756	176	24	0	200	0.06	18	175600	0.0731
rs100757	112	72	16	200	0.26	20	175700	0.2734
rs100758	92	86	22	200	0.325	18	175800	0.3186
rs100759	131	65	4	200	0.1825	10	175900	0.2004
rs100760	81	94	25	200	0.36	11	176000	0.3969
rs100761	161	35	4	200	0.1075	1	176100	0.098
rs100762	167	33	0	200	0.0825	10	176200	0.0838
rs100763	73	95	32	200	0.3975	3	176300	0.3777
rs100764	104	83	13	200	0.2725	20	176400	0.273
rs100765	86	89	25	200	0.3475	3	176500	0.3598
rs100766	107	75	18	200	0.2775	14	176600	0.2457
rs100767	140	55	5	200	0.1625	22	176700	0.1609
rs100768	64	98	38	200	0.435	3	176800	0.4186
rs100769	67	97	36	200	0.4225	5	176900	0.4097
rs100770	88	91	21	200	0.3325	12	177000	0.3626
rs100771	130	62	8	200	0.195	17	177100	0.1725
rs100772	105	80	15	200	0.275	15	177200	0.3156
rs100773	133	62	5	200	0.18	14	177300	0.2124
rs100774	157	41	2	200	0.1125	4	177400	0.0912
rs100775	59	103	38	200	0.4475	21	177500	0.4628
rs100776	155	43	2	200	0.1175	21	177600	0.1116
rs100777	52	102	46	200	0.485	19	177700	0.4776
rs100778	114	68	18	200	0.26	19	177800	0.2507
rs100779	149	48	3	200	0.135	1	177900	0.1333
rs100780	112	71	17	200	0.2625	19	178000	0.2939
rs100781	56	105	39	200	0.4575	18	178100	0.4428
rs100782	94	81	25	200	0.3275	16	178200	0.3795
rs100783	57	103	40	200	0.4575	16	178300	0.413
rs100784	78	98	24	200	0.365	2	178400	0.3465
rs100785	73	94	33	200	0.4	10	178500	0.3615
rs100786	60	102	38	200	0.445	17	178600	0.4321
rs100787	150	49	1	200	0.1275	12	178700	0.1624
rs100788	115	66	19	200	0.26	4	178800	0.2702
rs100789	140	54	6	200	0.165	15	178900	0.1495
rs100790	57	101	42	200	0.4625	22	179000	0.4945
rs100791	60	91	49	200	0.4725	1	179100	0.4748
rs100792	179	20	1	200	0.055	3	179200	0.0677
rs100793	83	91	26	200	0.3575	6	179300	0.3675
rs100794	56	94	50	200	0.485	16	179400	0.4664
rs100795	151	46	3	200	0.13	20	179500	0.1313
rs100796	102	81	17	200	0.2875	9	179600	0.3056
rs100797	57	105	38	200	0.4525	20	179700	0.462
rs100798	172	27	1	200	0.0725	14	179800	0.0653
rs100799	80	92	28	200	0.37	3	179900	0.3638
rs100800	133	60	7	200	0.185	20	180000	0.1838
rs100801	59	99	42	200	0.4575	5	180100	0.466
rs100802	52	95	53	200	0.5025	7	180200	0.487
rs100803	55	103	42	200	0.4675	16	180300	0.4749
rs100804	89	92	19	200	0.325	6	180400	0.2634
rs100805	57	100	43	200	0.465	12	180500	0.4379
rs100806	62	105	33	200	0.4275	18	180600	0.43
rs100807	130	65	5	200	0.1875	11	180700	0.1936
rs100808	57	110	33	200	0.44	14	180800	0.423
rs100809	180	18	2	200	0.055	2	180900	0.0667
rs100810	90	87	23	200	0.3325	4	181000	0.3183
rs100811	144	51	5	200	0.1525	5	181100	0.1535
rs100812	172	26	2	200	0.075	19	181200	0.1043
rs100813	167	31	2	200	0.0875	7	181300	0.0846
rs100814	71	88	41	200	0.425	13	181400	0.3633
rs100815	113	78	9	200	0.24	20	181500	0.2029
rs100816	79	92	29	200	0.375	21	181600	0.3761
rs100817	175	24	1	200	0.065	14	181700	0.0794
rs100818	131	60	9	200	0.195	8	181800	0.1919
rs100819	100	82	18	200	0.295	8	181900	0.2928
rs100820	68	101	31	200	0.4075	5	182000	0.4058
rs100821	126	64	10	200	0.21	14	182100	0.1934
rs100822	87	93	20	200	0.3325	16	182200	0.3317
rs100823	64	98	38	200	0.435	15	182300	0.4487
rs100824	85	90	25	200	0.35	21	182400	0.3271
rs100825	147	48	5	200	0.145	15	182500	0.1548
rs100826	178	21	1	200	0.0575	20	182600	0.061
rs100827	59	100	41	200	0.455	11	182700	0.4415
rs100828	182	16	2	200	0.05	22	182800	0.0596
rs100829	66	96	38	200	0.43	20	182900	0.4436
rs100830	104	77	19	200	0.2875	21	183000	0.288
rs100831	56	116	28	200	0.43	20	183100	0.4726
rs100832	59	106	35	200	0.44	2	183200	0.4095
rs100833	56	100	44	200	0.47	19	183300	0.4991
rs100834	118	70	12	200	0.235	12	183400	0.2078
rs100835	73	84	43	200	0.425	1	183500	0.3952
rs100836	111	78	11	200	0.25	9	183600	0.2309
rs100837	103	83	14	200	0.2775	2	183700	0.2659
rs100838	81	98	21	200	0.35	8	183800	0.3324
rs100839	63	100	37	200	0.435	12	183900	0.4432
rs100840	44	103	53	200	0.5225	17	184000	0.4928
rs100841	69	106	25	200	0.39	3	184100	0.3957
rs100842	131	59	10	200	0.1975	17	184200	0.238
rs100843	109	70	21	200	0.28	8	184300	0.2396
rs100844	78	100	22	200	0.36	17	184400	0.3819
rs100845	146	49	5	200	0.1475	2	184500	0.1574
rs100846	162	33	5	200	0.1075	20	184600	0.0997
rs100847	125	68	7	200	0.205	14	184700	0.2096
rs100848	134	61	5	200	0.1775	1	184800	0.1793
rs100849	135	58	7	200	0.18	14	184900	0.1833
rs100850	138	57	5	200	0.1675	11	185000	0.1551
rs100851	182	17	1	200	0.0475	16	185100	0.0689
rs100852	176	22	2	200	0.065	10	185200	0.058
rs100853	46	107	47	200	0.5025	7	185300	0.4945
rs100854	101	80	19	200	0.295	4	185400	0.2425
rs100855	129	62	9	200	0.2	4	185500	0.2229
rs100856	77	96	27	200	0.375	13	185600	0.3558
rs100857	142	51	7	200	0.1625	20	185700	0.1482
rs100858	50	121	29	200	0.4475	14	185800	0.4775
rs100859	74	94	32	200	0.395	9	185900	0.4039
rs100860	165	33	2	200	0.0925	17	186000	0.0902
rs100861	112	75	13	200	0.2525	16	186100	0.2379
rs100862	60	98	42	200	0.455	7	186200	0.4456
rs100863	58	102	40	200	0.455	21	186300	0.4751
rs100864	110	79	11	200	0.2525	9	186400	0.2603
rs100865	95	80	25	200	0.325	4	186500	0.326
rs100866	145	53	2	200	0.1425	4	186600	0.1252
rs100867	49	109	42	200	0.4825	12	186700	0.496
rs100868	142	48	10	200	0.17	21	186800	0.1543
rs100869	63	96	41	200	0.445	18	186900	0.4742
rs100870	86	92	22	200	0.34	2	187000	0.3423
rs100871	92	91	17	200	0.3125	22	187100	0.3235
rs100872	107	77	16	200	0.2725	7	187200	0.2807
rs100873	161	35	4	200	0.1075	9	187300	0.1538
rs100874	155	44	1	200	0.115	20	187400	0.1294
rs100875	150	48	2	200	0.13	1	187500	0.1492
rs100876	148	50	2	200	0.135	8	187600	0.1339
rs100877	72	98	30	200	0.395	3	187700	0.4008
rs100878	126	67	7	200	0.2025	3	187800	0.2076
rs100879	175	25	0	200	0.0625	5	187900	0.076
rs100880	45	102	53	200	0.52	22	188000	0.4861
rs100881	56	94	50	200	0.485	7	188100	0.4477
rs100882	60	96	44	200	0.46	21	188200	0.4675
rs100883	39	111	50	200	0.5275	5	188300	0.4977
rs100884	155	39	6	200	0.1275	1	188400	0.1283
rs100885	126	62	12	200	0.215	8	188500	0.2283
rs100886	75	91	34	200	0.3975	18	188600	0.3912
rs100887	81	99	20	200	0.3475	18	188700	0.3632
rs100888	158	38	4	200	0.115	10	188800	0.1193
rs100889	72	95	33	200	0.4025	14	188900	0.4171
rs100890	140	56	4	200	0.16	17	189000	0.151
rs100891	143	54	3	200	0.15	16	189100	0.1507
rs100892	94	89	17	200	0.3075	11	189200	0.2916
rs100893	100	80	20	200	0.3	2	189300	0.3168
rs100894	103	72	25	200	0.305	12	189400	0.311
rs100895	168	31	1	200	0.0825	21	189500	0.0912
rs100896	65	91	44	200	0.4475	21	189600	0.4449
rs100897	144	48	8	200	0.16	10	189700	0.1695
rs100898	161	37	2	200	0.1025	15	189800	0.1083
rs100899	57	101	42	200	0.4625	6	189900	0.4499
rs100900	55	96	49	200	0.485	6	190000	0.48
rs100901	61	96	43	200	0.455	19	190100	0.438
rs100902	75	86	39	200	0.41	11	190200	0.4143
rs100903	79	93	28	200	0.3725	8	190300	0.3449
rs100904	97	84	19	200	0.305	7	190400	0.2979
rs100905	165	34	1	200	0.09	9	190500	0.0891
rs100906	129	63	8	200	0.1975	1	190600	0.2338
rs100907	116	69	15	200	0.2475	19	190700	0.2177
rs100908	140	55	5	200	0.1625	4	190800	0.1669
rs100909	73	101	26	200	0.3825	11	190900	0.3755
rs100910	118	73	9	200	0.2275	15	191000	0.2731
rs100911	153	47	0	200	0.1175	20	191100	0.0865
rs100912	147	49	4	200	0.1425	20	191200	0.1491
rs100913	87	81	32	200	0.3625	13	191300	0.3575
rs100914	172	27	1	200	0.0725	4	191400	0.0843
rs100915	60	104	36	200	0.44	12	191500	0.433
rs100916	117	71	12	200	0.2375	18	191600	0.2728
rs100917	100	86	14	200	0.285	17	191700	0.2663
rs100918	88	93	19	200	0.3275	12	191800	0.3166
rs100919	84	77	39	200	0.3875	6	191900	0.4211
rs100920	117	75	8	200	0.2275	10	192000	0.2065
rs100921	86	89	25	200	0.3475	2	192100	0.3551
rs100922	106	77	17	200	0.2775	5	192200	0.3046
rs100923	135	58	7	200	0.18	20	192300	0.1702
rs100924	49	99	52	200	0.5075	10	192400	0.4454
rs100925	67	104	29	200	0.405	20	192500	0.4088
rs100926	82	95	23	200	0.3525	21	192600	0.3463
rs100927	58	112	30	200	0.43	18	192700	0.4328
rs100928	70	100	30	200	0.4	8	192800	0.4403
rs100929	69	94	37	200	0.42	14	192900	0.3688
rs100930	67	101	32	200	0.4125	15	193000	0.4267
rs100931	72	97	31	200	0.3975	4	193100	0.3639
rs100932	82	98	20	200	0.345	1	193200	0.3561
rs100933	77	101	22	200	0.3625	13	193300	0.3284
rs100934	73	92	35	200	0.405	1	193400	0.3887
rs100935	159	38	3	200	0.11	14	193500	0.1214
rs100936	56	113	31	200	0.4375	14	193600	0.4464
rs100937	58	101	41	200	0.4575	18	193700	0.4423
rs100938	169	30	1	200	0.08	2	193800	0.0632
rs100939	74	94	32	200	0.395	5	193900	0.4216
rs100940	164	30	6	200	0.105	18	194000	0.108
rs100941	123	66	11	200	0.22	5	194100	0.2008
rs100942	66	106	28	200	0.405	3	194200	0.3846
rs100943	152	46	2	200	0.125	19	194300	0.1223
rs100944	86	84	30	200	0.36	9	194400	0.4181
rs100945	58	102	40	200	0.455	3	194500	0.4245
rs100946	102	80	18	200	0.29	6	194600	0.2784
rs100947	174	26	0	200	0.065	22	194700	0.0529
rs100948	127	67	6	200	0.1975	12	194800	0.1792
rs100949	98	85	17	200	0.2975	6	194900	0.3276
rs100950	54	93	53	200	0.4975	18	195000	0.4915
rs100951	76	95	29	200	0.3825	16	195100	0.3343
rs100952	140	56	4	200	0.16	4	195200	0.1669
rs100953	83	89	28	200	0.3625	19	195300	0.3353
rs100954	105	85	10	200	0.2625	9	195400	0.293
rs100955	72	96	32	200	0.4	7	195500	0.4009
rs100956	159	38	3	200	0.11	11	195600	0.0981
rs100957	86	86	28	200	0.355	8	195700	0.3925
rs100958	112	66	22	200	0.275	10	195800	0.2936
rs100959	51	98	51	200	0.5	6	195900	0.4833
rs100960	131	58	11	200	0.2	15	196000	0.2038
rs100961	81	92	27	200	0.365	5	196100	0.3347
rs100962	54	100	46	200	0.48	1	196200	0.4694
rs100963	160	39	1	200	0.1025	11	196300	0.0961
rs100964	55	94	51	200	0.49	8	196400	0.4718
rs100965	68	100	32	200	0.41	10	196500	0.3595
rs100966	168	32	0	200	0.08	12	196600	0.0805
rs100967	125	72	3	200	0.195	16	196700	0.1854
rs100968	76	92	32	200	0.39	5	196800	0.3687
rs100969	174	26	0	200	0.065	16	196900	0.0803
rs100970	99	81	20	200	0.3025	18	197000	0.312
rs100971	129	57	14	200	0.2125	12	197100	0.2056
rs100972	91	93	16	200	0.3125	13	197200	0.3294
rs100973	168	30	2	200	0.085	8	197300	0.0706
rs100974	58	98	44	200	0.465	1	197400	0.4422
rs100975	53	97	50	200	0.4925	14	197500	0.4881
rs100976	58	103	39	200	0.4525	2	197600	0.486
rs100977	57	103	40	200	0.4575	3	197700	0.3873
rs100978	169	29	2	200	0.0825	7	197800	0.1085
rs100979	78	100	22	200	0.36	21	197900	0.3912
rs100980	177	23	0	200	0.0575	20	198000	0.0611
rs100981	173	25	2	200	0.0725	17	198100	0.06
rs100982	139	56	5	200	0.165	10	198200	0.1956
rs100983	102	77	21	200	0.2975	11	198300	0.2699
rs100984	77	91	32	200	0.3875	19	198400	0.3967
rs100985	82	93	25	200	0.3575	11	198500	0.3575
rs100986	116	70	14	200	0.245	22	198600	0.2507
rs100987	155	43	2	200	0.1175	3	198700	0.1731
rs100988	57	96	47	200	0.475	15	198800	0.4987
rs100989	96	92	12	200	0.29	6	198900	0.2418
rs100990	123	61	16	200	0.2325	17	199000	0.2531
rs100991	152	48	0	200	0.12	21	199100	0.1236
rs100992	81	90	29	200	0.37	2	199200	0.4077
rs100993	79	99	22	200	0.3575	12	199300	0.3622
rs100994	144	54	2	200	0.145	2	199400	0.1493
rs100995	165	32	3	200	0.095	17	199500	0.0871
rs100996	69	103	28	200	0.3975	20	199600	0.3562
rs100997	88	90	22	200	0.335	20	199700	0.3445
rs100998	131	63	6	200	0.1875	12	199800	0.173
rs100999	63	100	37	200	0.435	21	199900	0.4779
rs101000	156	39	5	200	0.1225	11	200000	0.118
rs101001	105	84	11	200	0.265	2	200100	0.2446
rs101002	53	99	48	200	0.4875	16	200200	0.4746
rs101003	117	78	5	200	0.22	20	200300	0.2389
rs101004	93	86	21	200	0.32	12	200400	0.3373
rs101005	123	69	8	200	0.2125	3	200500	0.2289
rs101006	129	61	10	200	0.2025	19	200600	0.1734
rs101007	58	97	45	200	0.4675	18	200700	0.4928
rs101008	131	62	7	200	0.19	15	200800	0.2342
rs101009	58	108	34	200	0.44	17	200900	0.4523
rs101010	145	50	5	200	0.15	13	201000	0.1535
rs101011	142	53	5	200	0.1575	12	201100	0.1459
rs101012	172	27	1	200	0.0725	15	201200	0.064
rs101013	76	95	29	200	0.3825	7	201300	0.3433
rs101014	125	61	14	200	0.2225	10	201400	0.2158
rs101015	63	102	35	200	0.43	19	201500	0.439
rs101016	111	78	11	200	0.25	14	201600	0.2629
rs101017	57	96	47	200	0.475	17	201700	0.4857
rs101018	158	40	2	200	0.11	4	201800	0.1335
rs101019	66	103	31	200	0.4125	16	201900	0.4409
rs101020	69	95	36	200	0.4175	7	202000	0.3995
rs101021	79	88	33	200	0.385	9	202100	0.3969
rs101022	63	101	36	200	0.4325	3	202200	0.4302
rs101023	83	86	31	200	0.37	22	202300	0.3925
rs101024	89	90	21	200	0.33	7	202400	0.3318
rs101025	153	45	2	200	0.1225	13	202500	0.1091
rs101026	168	31	1	200	0.0825	9	202600	0.0646
rs101027	55	106	39	200	0.46	12	202700	0.4644
rs101028	81	97	22	200	0.3525	18	202800	0.3275
rs101029	70	102	28	200	0.395	21	202900	0.4084
rs101030	120	71	9	200	0.2225	17	203000	0.2667
rs101031	169	30	1	200	0.08	6	203100	0.1028
rs101032	163	33	4	200	0.1025	5	203200	0.1063
rs101033	87	96	17	200	0.325	6	203300	0.3585
rs101034	126	64	10	200	0.21	11	203400	0.2436
rs101035	144	55	1	200	0.1425	4	203500	0.1402
rs101036	106	79	15	200	0.2725	12	203600	0.2712
rs101037	168	31	1	200	0.0825	14	203700	0.0789
rs101038	99	72	29	200	0.325	16	203800	0.3119
rs101039	144	47	9	200	0.1625	17	203900	0.171
rs101040	75	96	29	200	0.385	18	204000	0.4089
rs101041	131	63	6	200	0.1875	6	204100	0.1897
rs101042	117	69	14	200	0.2425	3	204200	0.2548
rs101043	178	21	1	200	0.0575	13	204300	0.0552
rs101044	166	34	0	200	0.085	6	204400	0.0826
rs101045	118	75	7	200	0.2225	5	204500	0.2266
rs101046	129	60	11	200	0.205	1	204600	0.266
rs101047	87	97	16	200	0.3225	2	204700	0.32
rs101048	134	58	8	200	0.185	19	204800	0.1812
rs101049	68	97	35	200	0.4175	14	204900	0.3627
rs101050	66	94	40	200	0.435	14	205000	0.4371
rs101051	74	93	33	200	0.3975	21	205100	0.4009
rs101052	177	22	1	200	0.06	13	205200	0.0678
rs101053	94	93	13	200	0.2975	16	205300	0.2662
rs101054	161	37	2	200	0.1025	21	205400	0.0972
rs101055	138	51	11	200	0.1825	15	205500	0.1589
rs101056	55	95	50	200	0.4875	11	205600	0.494
rs101057	162	36	2	200	0.1	22	205700	0.1141
rs101058	107	88	5	200	0.245	13	205800	0.2745
rs101059	102	77	21	200	0.2975	10	205900	0.3282
rs101060	82	88	30	200	0.37	6	206000	0.3661
rs101061	90	86	24	200	0.335	3	206100	0.3018
rs101062	175	25	0	200	0.0625	16	206200	0.0544
rs101063	125	67	8	200	0.2075	12	206300	0.1969
rs101064	122	67	11	200	0.2225	8	206400	0.283
rs101065	172	28	0	200	0.07	4	206500	0.0895
rs101066	135	50	15	200	0.2	11	206600	0.2078
rs101067	163	36	1	200	0.095	21	206700	0.0649
rs101068	164	36	0	200	0.09	22	206800	0.0854
rs101069	112	81	7	200	0.2375	21	206900	0.2286
rs101070	160	37	3	200	0.1075	18	207000	0.1097
rs101071	101	79	20	200	0.2975	13	207100	0.3054
rs101072	81	88	31	200	0.375	18	207200	0.3603
rs101073	64	102	34	200	0.425	8	207300	0.4103
rs101074	151	46	3	200	0.13	7	207400	0.1401
rs101075	148	47	5	200	0.1425	20	207500	0.1254
rs101076	158	39	3	200	0.1125	6	207600	0.0971
rs101077	79	90	31	200	0.38	8	207700	0.3364
rs101078	76	95	29	200	0.3825	21	207800	0.3679
rs101079	173	26	1	200	0.07	12	207900	0.0642
rs101080	56	93	51	200	0.4875	17	208000	0.4713
rs101081	171	29	0	200	0.0725	16	208100	0.0734
rs101082	90	86	24	200	0.335	18	208200	0.2936
rs101083	71	97	32	200	0.4025	15	208300	0.3691
rs101084	56	114	30	200	0.435	19	208400	0.4419
rs101085	86	77	37	200	0.3775	6	208500	0.3713
rs101086	75	91	34	200	0.3975	22	208600	0.4108
rs101087	122	67	11	200	0.2225	1	208700	0.2028
rs101088	58	104	38	200	0.45	3	208800	0.4167
rs101089	163	33	4	200	0.1025	15	208900	0.0861
rs101090	62	98	40	200	0.445	5	209000	0.4527
rs101091	102	81	17	200	0.2875	14	209100	0.2964
rs101092	67	105	28	200	0.4025	10	209200	0.4178
rs101093	117	66	17	200	0.25	12	209300	0.2535
rs101094	92	88	20	200	0.32	16	209400	0.3396
rs101095	98	87	15	200	0.2925	18	209500	0.2869
rs101096	76	93	31	200	0.3875	11	209600	0.3792
rs101097	176	22	2	200	0.065	20	209700	0.0867
rs101098	161	39	0	200	0.0975	19	209800	0.0772
rs101099	142	52	6	200	0.16	18	209900	0.1612
rs101100	148	49	3	200	0.1375	7	210000	0.1218
rs101101	50	110	40	200	0.475	10	210100	0.4423
rs101102	144	51	5	200	0.1525	19	210200	0.1486
rs101103	38	108	54	200	0.54	10	210300	0.4891
rs101104	131	58	11	200	0.2	6	210400	0.2016
rs101105	157	41	2	200	0.1125	16	210500	0.132
rs101106	83	86	31	200	0.37	20	210600	0.4054
rs101107	75	101	24	200	0.3725	14	210700	0.3464
rs101108	104	79	17	200	0.2825	1	210800	0.2742
rs101109	100	87	13	200	0.2825	6	210900	0.2999
rs101110	69	108	23	200	0.385	19	211000	0.3736
rs101111	144	54	2	200	0.145	15	211100	0.1528
rs101112	53	103	44	200	0.4775	20	211200	0.4984
rs101113	53	103	44	200	0.4775	15	211300	0.4887
rs101114	88	90	22	200	0.335	15	211400	0.3426
rs101115	144	49	7	200	0.1575	17	211500	0.1398
rs101116	84	89	27	200	0.3575	18	211600	0.3561
rs101117	163	36	1	200	0.095	13	211700	0.0825
rs101118	170	29	1	200	0.0775	19	211800	0.0638
rs101119	133	63	4	200	0.1775	21	211900	0.166
rs101120	110	66	24	200	0.285	17	212000	0.2582
rs101121	49	111	40	200	0.4775	9	212100	0.4407
rs101122	73	96	31	200	0.395	20	212200	0.3772
rs101123	69	96	35	200	0.415	8	212300	0.3842
rs101124	107	80	13	200	0.265	4	212400	0.2415
rs101125	133	59	8	200	0.1875	17	212500	0.2057
rs101126	127	65	8	200	0.2025	3	212600	0.217
rs101127	49	104	47	200	0.495	17	212700	0.4944
rs101128	173	27	0	200	0.0675	18	212800	0.068
rs101129	65	99	36	200	0.4275	20	212900	0.4402
rs101130	104	71	25	200	0.3025	18	213000	0.3104
rs101131	103	80	17	200	0.285	5	213100	0.2474
rs101132	67	101	32	200	0.4125	9	213200	0.3764
rs101133	106	83	11	200	0.2625	11	213300	0.269
rs101134	57	110	33	200	0.44	12	213400	0.443
rs101135	56	94	50	200	0.485	10	213500	0.4553
rs101136	108	80	12	200	0.26	13	213600	0.2398
rs101137	135	57	8	200	0.1825	20	213700	0.1746
rs101138	92	89	19	200	0.3175	13	213800	0.3166
rs101139	58	101	41	200	0.4575	21	213900	0.4606
rs101140	124	70	6	200	0.205	12	214000	0.1448
rs101141	75	105	20	200	0.3625	12	214100	0.3303
rs101142	92	82	26	200	0.335	13	214200	0.3342
rs101143	89	89	22	200	0.3325	4	214300	0.3799
rs101144	163	36	1	200	0.095	1	214400	0.1092
rs101145	67	101	32	200	0.4125	4	214500	0.3721
rs101146	61	106	33	200	0.43	18	214600	0.4591
rs101147	148	49	3	200	0.1375	13	214700	0.1309
rs101148	133	59	8	200	0.1875	12	214800	0.1569
rs101149	59	91	50	200	0.4775	11	214900	0.4871
rs101150	154	43	3	200	0.1225	9	215000	0.1314
rs101151	59	104	37	200	0.445	3	215100	0.4345
rs101152	120	67	13	200	0.2325	14	215200	0.2715
rs101153	139	55	6	200	0.1675	6	215300	0.1613
rs101154	71	92	37	200	0.415	7	215400	0.4418
rs101155	115	71	14	200	0.2475	3	215500	0.2504
rs101156	114	65	21	200	0.2675	4	215600	0.2817
rs101157	120	68	12	200	0.23	8	215700	0.2117
rs101158	101	78	21	200	0.3	5	215800	0.3168
rs101159	151	44	5	200	0.135	12	215900	0.1236
rs101160	115	80	5	200	0.225	17	216000	0.226
rs101161	53	98	49	200	0.49	17	216100	0.4862
rs101162	132	57	11	200	0.1975	7	216200	0.1662
rs101163	100	76	24	200	0.31	10	216300	0.3455
rs101164	125	66	9	200	0.21	5	216400	0.1963
rs101165	77	81	42	200	0.4125	22	216500	0.3981
rs101166	166	31	3	200	0.0925	15	216600	0.1089
rs101167	53	90	57	200	0.51	21	216700	0.4864
rs101168	112	76	12	200	0.25	21	216800	0.2542
rs101169	151	46	3	200	0.13	17	216900	0.1562
rs101170	164	35	1	200	0.0925	12	217000	0.0831
rs101171	149	48	3	200	0.135	2	217100	0.1264
rs101172	99	83	18	200	0.2975	13	217200	0.2839
rs101173	121	71	8	200	0.2175	9	217300	0.2017
rs101174	76	87	37	200	0.4025	10	217400	0.423
rs101175	122	65	13	200	0.2275	2	217500	0.2439
rs101176	131	66	3	200	0.18	10	217600	0.1619
rs101177	93	80	27	200	0.335	2	217700	0.3277
rs101178	75	94	31	200	0.39	1	217800	0.368
rs101179	161	37	2	200	0.1025	13	217900	0.1252
rs101180	156	36	8	200	0.13	1	218000	0.1254
rs101181	183	15	2	200	0.0475	3	218100	0.0665
rs101182	79	95	26	200	0.3675	15	218200	0.3814
rs101183	78	86	36	200	0.395	4	218300	0.3487
rs101184	106	84	10	200	0.26	7	218400	0.2636
rs101185	73	84	43	200	0.425	15	218500	0.4299
rs101186	67	99	34	200	0.4175	18	218600	0.4126
rs101187	97	79	24	200	0.3175	15	218700	0.3134
rs101188	68	103	29	200	0.4025	8	218800	0.4407
rs101189	148	44	8	200	0.15	8	218900	0.1426
rs101190	157	41	2	200	0.1125	21	219000	0.1004
rs101191	144	48	8	200	0.16	3	219100	0.1714
rs101192	173	27	0	200	0.0675	19	219200	0.0757
rs101193	98	93	9	200	0.2775	20	219300	0.289
rs101194	58	81	61	200	0.5075	13	219400	0.4715
rs101195	166	33	1	200	0.0875	13	219500	0.0677
rs101196	157	43	0	200	0.1075	4	219600	0.1049
rs101197	109	78	13	200	0.26	7	219700	0.2535
rs101198	55	101	44	200	0.4725	10	219800	0.4702
rs101199	132	64	4	200	0.18	13	219900	0.1923
rs101200	103	78	19	200	0.29	2	220000	0.2783
rs101201	175	25	0	200	0.0625	16	220100	0.0687
rs101202	161	36	3	200	0.105	20	220200	0.1168
rs101203	47	94	59	200	0.53	17	220300	0.494
rs101204	42	103	55	200	0.5325	12	220400	0.4843
rs101205	183	16	1	200	0.045	4	220500	0.0522
rs101206	55	112	33	200	0.445	4	220600	0.4783
rs101207	96	85	19	200	0.3075	16	220700	0.3376
rs101208	70	100	30	200	0.4	8	220800	0.4406
rs101209	94	86	20	200	0.315	5	220900	0.2546
rs101210	100	79	21	200	0.3025	12	221000	0.282
rs101211	104	83	13	200	0.2725	19	221100	0.27
rs101212	82	98	20	200	0.345	5	221200	0.3501
rs101213	153	45	2	200	0.1225	19	221300	0.1128
rs101214	165	35	0	200	0.0875	11	221400	0.0635
rs101215	127	62	11	200	0.21	4	221500	0.1886
rs101216	75	94	31	200	0.39	12	221600	0.3671
rs101217	149	50	1	200	0.13	10	221700	0.1408
rs101218	97	79	24	200	0.3175	1	221800	0.353
rs101219	41	102	57	200	0.54	2	221900	0.4865
rs101220	163	34	3	200	0.1	18	222000	0.0923
rs101221	92	89	19	200	0.3175	8	222100	0.3527
rs101222	120	69	11	200	0.2275	11	222200	0.2497
rs101223	61	107	32	200	0.4275	22	222300	0.4407
rs101224	152	46	2	200	0.125	12	222400	0.1297
rs101225	70	100	30	200	0.4	20	222500	0.3617
rs101226	64	88	48	200	0.46	1	222600	0.4272
rs101227	47	99	54	200	0.5175	4	222700	0.4751
rs101228	96	74	30	200	0.335	11	222800	0.3575
rs101229	109	78	13	200	0.26	21	222900	0.2737
rs101230	93	86	21	200	0.32	14	223000	0.328
rs101231	59	113	28	200	0.4225	13	223100	0.441
rs101232	97	84	19	200	0.305	4	223200	0.3068
rs101233	175	25	0	200	0.0625	11	223300	0.0637
rs101234	60	107	33	200	0.4325	21	223400	0.4689
rs101235	89	79	32	200	0.3575	16	223500	0.3603
rs101236	79	101	20	200	0.3525	18	223600	0.3544
rs101237	146	51	3	200	0.1425	20	223700	0.1471
rs101238	73	91	36	200	0.4075	21	223800	0.3465
rs101239	112	74	14	200	0.255	1	223900	0.2272
rs101240	83	93	24	200	0.3525	10	224000	0.3431
rs101241	166	33	1	200	0.0875	7	224100	0.098
rs101242	88	95	17	200	0.3225	13	224200	0.346
rs101243	68	96	36	200	0.42	14	224300	0.4997
rs101244	175	23	2	200	0.0675	6	224400	0.0717
rs101245	52	105	43	200	0.4775	20	224500	0.4897
rs101246	128	65	7	200	0.1975	15	224600	0.2331
rs101247	63	104	33	200	0.425	14	224700	0.4418
rs101248	76	94	30	200	0.385	17	224800	0.4021
rs101249	101	78	21	200	0.3	11	224900	0.3052
rs101250	81	94	25	200	0.36	6	225000	0.3823
rs101251	54	109	37	200	0.4575	19	225100	0.4453
rs101252	115	76	9	200	0.235	6	225200	0.2319
rs101253	108	77	15	200	0.2675	7	225300	0.1972
rs101254	73	99	28	200	0.3875	21	225400	0.3504
rs101255	71	84	45	200	0.435	7	225500	0.4135
rs101256	80	91	29	200	0.3725	13	225600	0.393
rs101257	67	96	37	200	0.425	17	225700	0.409
rs101258	115	76	9	200	0.235	4	225800	0.246
rs101259	60	106	34	200	0.435	11	225900	0.418
rs101260	159	37	4	200	0.1125	11	226000	0.1041
rs101261	104	81	15	200	0.2775	19	226100	0.295
rs101262	178	20	2	200	0.06	16	226200	0.0526
rs101263	134	60	6	200	0.18	20	226300	0.1961
rs101264	122	72	6	200	0.21	3	226400	0.2149
rs101265	119	70	11	200	0.23	13	226500	0.2283
rs101266	100	87	13	200	0.2825	18	226600	0.363
rs101267	119	67	14	200	0.2375	5	226700	0.2249
rs101268	104	83	13	200	0.2725	17	226800	0.2519
rs101269	148	50	2	200	0.135	20	226900	0.1569
rs101270	122	70	8	200	0.215	12	227000	0.218
rs101271	158	40	2	200	0.11	13	227100	0.1523
rs101272	168	28	4	200	0.09	3	227200	0.0829
rs101273	93	82	25	200	0.33	10	227300	0.3216
rs101274	78	92	30	200	0.38	2	227400	0.3507
rs101275	93	82	25	200	0.33	16	227500	0.3288
rs101276	109	81	10	200	0.2525	15	227600	0.2586
rs101277	121	67	12	200	0.2275	5	227700	0.2209
rs101278	61	97	42	200	0.4525	4	227800	0.4385
rs101279	103	82	15	200	0.28	12	227900	0.2836
rs101280	108	81	11	200	0.2575	22	228000	0.2656
rs101281	181	17	2	200	0.0525	7	228100	0.0615
rs101282	128	59	13	200	0.2125	13	228200	0.2036
rs101283	121	71	8	200	0.2175	16	228300	0.2211
rs101284	106	84	10	200	0.26	7	228400	0.2295
rs101285	88	96	16	200	0.32	10	228500	0.3111
rs101286	97	84	19	200	0.305	12	228600	0.2901
rs101287	100	77	23	200	0.3075	9	228700	0.3236
rs101288	78	90	32	200	0.385	13	228800	0.3942
rs101289	69	96	35	200	0.415	4	228900	0.4158
rs101290	81	90	29	200	0.37	3	229000	0.3732
rs101291	52	103	45	200	0.4825	4	229100	0.48
rs101292	182	18	0	200	0.045	1	229200	0.0582
rs101293	152	46	2	200	0.125	6	229300	0.1381
rs101294	170	30	0	200	0.075	20	229400	0.0534
rs101295	91	82	27	200	0.34	12	229500	0.3414
rs101296	61	96	43	200	0.455	9	229600	0.4541
rs101297	138	56	6	200	0.17	7	229700	0.1596
rs101298	47	107	46	200	0.4975	13	229800	0.4672
rs101299	178	22	0	200	0.055	7	229900	0.0771
rs101300	63	99	38	200	0.4375	10	230000	0.4705
rs101301	135	57	8	200	0.1825	2	230100	0.2082
rs101302	163	36	1	200	0.095	17	230200	0.0956
rs101303	100	89	11	200	0.2775	8	230300	0.2686
rs101304	131	59	10	200	0.1975	13	230400	0.1655
rs101305	131	63	6	200	0.1875	9	230500	0.1782
rs101306	128	63	9	200	0.2025	18	230600	0.1883
rs101307	79	96	25	200	0.365	6	230700	0.4114
rs101308	91	93	16	200	0.3125	20	230800	0.2926
rs101309	128	64	8	200	0.2	9	230900	0.1901
rs101310	97	82	21	200	0.31	2	231000	0.3247
rs101311	80	89	31	200	0.3775	10	231100	0.3723
rs101312	143	51	6	200	0.1575	9	231200	0.1727
rs101313	120	65	15	200	0.2375	7	231300	0.2361
rs101314	170	26	4	200	0.085	4	231400	0.1048
rs101315	144	49	7	200	0.1575	14	231500	0.1315
rs101316	87	91	22	200	0.3375	22	231600	0.3565
rs101317	153	45	2	200	0.1225	3	231700	0.1316
rs101318	100	89	11	200	0.2775	11	231800	0.2863
rs101319	85	91	24	200	0.3475	2	231900	0.3691
rs101320	162	36	2	200	0.1	14	232000	0.0981
rs101321	93	89	18	200	0.3125	1	232100	0.3053
rs101322	144	50	6	200	0.155	5	232200	0.1655
rs101323	49	100	51	200	0.505	21	232300	0.4833
rs101324	107	85	8	200	0.2525	15	232400	0.2676
rs101325	69	89	42	200	0.4325	3	232500	0.4127
rs101326	87	87	26	200	0.3475	16	232600	0.2976
rs101327	170	28	2	200	0.08	4	232700	0.0695
rs101328	86	89	25	200	0.3475	8	232800	0.3349
rs101329	56	91	53	200	0.4925	10	232900	0.4781
rs101330	89	93	18	200	0.3225	19	233000	0.3207
rs101331	65	99	36	200	0.4275	12	233100	0.4186
rs101332	49	98	53	200	0.51	21	233200	0.4479
rs101333	144	54	2	200	0.145	3	233300	0.1526
rs101334	147	49	4	200	0.1425	21	233400	0.1454
rs101335	95	78	27	200	0.33	13	233500	0.3249
rs101336	100	90	10	200	0.275	4	233600	0.235
rs101337	79	86	35	200	0.39	20	233700	0.4279
rs101338	54	111	35	200	0.4525	9	233800	0.455
rs101339	112	80	8	200	0.24	3	233900	0.209
rs101340	139	54	7	200	0.17	10	234000	0.1566
rs101341	58	116	26	200	0.42	14	234100	0.4012
rs101342	125	69	6	200	0.2025	9	234200	0.1737
rs101343	62	104	34	200	0.43	11	234300	0.4202
rs101344	119	73	8	200	0.2225	13	234400	0.2407
rs101345	90	85	25	200	0.3375	10	234500	0.3504
rs101346	169	29	2	200	0.0825	12	234600	0.093
rs101347	84	91	25	200	0.3525	10	234700	0.3307
rs101348	120	68	12	200	0.23	15	234800	0.2533
rs101349	94	87	19	200	0.3125	21	234900	0.314
rs101350	149	48	3	200	0.135	10	235000	0.1256
rs101351	75	99	26	200	0.3775	5	235100	0.3816
rs101352	67	98	35	200	0.42	1	235200	0.4383
rs101353	139	57	4	200	0.1625	8	235300	0.1475
rs101354	175	22	3	200	0.07	1	235400	0.0931
rs101355	167	32	1	200	0.085	16	235500	0.0606
rs101356	78	101	21	200	0.3575	14	235600	0.3389
rs101357	83	96	21	200	0.345	20	235700	0.3232
rs101358	90	97	13	200	0.3075	21	235800	0.296
rs101359	145	48	7	200	0.155	9	235900	0.1544
rs101360	114	72	14	200	0.25	19	236000	0.2259
rs101361	98	86	16	200	0.295	21	236100	0.3175
rs101362	101	78	21	200	0.3	9	236200	0.2735
rs101363	58	93	49	200	0.4775	7	236300	0.4945
rs101364	153	44	3	200	0.125	9	236400	0.1114
rs101365	80	94	26	200	0.365	2	236500	0.3628
rs101366	125	64	11	200	0.215	13	236600	0.2319
rs101367	117	73	10	200	0.2325	16	236700	0.2427
rs101368	65	106	29	200	0.41	6	236800	0.3729
rs101369	86	88	26	200	0.35	19	236900	0.3616
rs101370	53	99	48	200	0.4875	20	237000	0.4961
rs101371	163	36	1	200	0.095	2	237100	0.1078
rs101372	152	44	4	200	0.13	3	237200	0.0968
rs101373	84	102	14	200	0.325	1	237300	0.376
rs101374	78	97	25	200	0.3675	22	237400	0.3103
rs101375	136	56	8	200	0.18	21	237500	0.1734
rs101376	165	32	3	200	0.095	8	237600	0.0857
rs101377	171	28	1	200	0.075	12	237700	0.0885
rs101378	56	96	48	200	0.48	8	237800	0.4524
rs101379	148	49	3	200	0.1375	17	237900	0.1363
rs101380	123	66	11	200	0.22	20	238000	0.1955
rs101381	147	45	8	200	0.1525	14	238100	0.152
rs101382	121	72	7	200	0.215	3	238200	0.2097
rs101383	179	20	1	200	0.055	11	238300	0.0812
rs101384	94	90	16	200	0.305	20	238400	0.2836
rs101385	171	27	2	200	0.0775	11	238500	0.0804
rs101386	75	95	30	200	0.3875	6	238600	0.4102
rs101387	145	46	9	200	0.16	15	238700	0.1552
rs101388	90	93	17	200	0.3175	2	238800	0.293
rs101389	76	88	36	200	0.4	21	238900	0.446
rs101390	85	99	16	200	0.3275	15	239000	0.3429
rs101391	103	82	15	200	0.28	6	239100	0.2898
rs101392	138	58	4	200	0.165	18	239200	0.196
rs101393	128	66	6	200	0.195	2	239300	0.1999
rs101394	79	96	25	200	0.365	2	239400	0.3513
rs101395	50	104	46	200	0.49	10	239500	0.4974
rs101396	91	83	26	200	0.3375	15	239600	0.3478
rs101397	96	93	11	200	0.2875	9	239700	0.301
rs101398	80	94	26	200	0.365	5	239800	0.3788
rs101399	122	67	11	200	0.2225	7	239900	0.2593
rs101400	173	23	4	200	0.0775	16	240000	0.0771
rs101401	99	89	12	200	0.2825	2	240100	0.303
rs101402	48	97	55	200	0.5175	8	240200	0.4809
rs101403	152	44	4	200	0.13	16	240300	0.1289
rs101404	92	84	24	200	0.33	7	240400	0.3605
rs101405	151	45	4	200	0.1325	18	240500	0.1404
rs101406	100	82	18	200	0.295	19	240600	0.2911
rs101407	164	35	1	200	0.0925	4	240700	0.0935
rs101408	101	89	10	200	0.2725	16	240800	0.2527
rs101409	81	92	27	200	0.365	2	240900	0.3903
rs101410	130	63	7	200	0.1925	3	241000	0.2064
rs101411	87	89	24	200	0.3425	20	241100	0.3492
rs101412	77	101	22	200	0.3625	16	241200	0.408
rs101413	49	108	43	200	0.485	15	241300	0.4672
rs101414	146	49	5	200	0.1475	22	241400	0.1556
rs101415	110	71	19	200	0.2725	12	241500	0.2297
rs101416	161	39	0	200	0.0975	10	241600	0.1186
rs101417	47	98	55	200	0.52	3	241700	0.4966
rs101418	66	95	39	200	0.4325	7	241800	0.4672
rs101419	90	80	30	200	0.35	1	241900	0.293
rs101420	74	98	28	200	0.385	3	242000	0.4289
rs101421	95	89	16	200	0.3025	22	242100	0.2844
rs101422	97	85	18	200	0.3025	18	242200	0.3306
rs101423	175	24	1	200	0.065	4	242300	0.0901
rs101424	66	97	37	200	0.4275	8	242400	0.3899
rs101425	159	39	2	200	0.1075	22	242500	0.1075
rs101426	57	106	37	200	0.45	19	242600	0.4217
rs101427	70	85	45	200	0.4375	13	242700	0.4019
rs101428	71	98	31	200	0.4	17	242800	0.3689
rs101429	181	17	2	200	0.0525	6	242900	0.0663
rs101430	128	67	5	200	0.1925	18	243000	0.1864
rs101431	135	60	5	200	0.175	10	243100	0.1684
rs101432	135	55	10	200	0.1875	21	243200	0.2121
rs101433	164	34	2	200	0.095	10	243300	0.0894
rs101434	64	93	43	200	0.4475	7	243400	0.4716
rs101435	90	95	15	200	0.3125	19	243500	0.2992
rs101436	131	67	2	200	0.1775	22	243600	0.1875
rs101437	127	56	17	200	0.225	3	243700	0.2286
rs101438	120	67	13	200	0.2325	6	243800	0.2512
rs101439	97	87	16	200	0.2975	16	243900	0.3203
rs101440	116	73	11	200	0.2375	18	244000	0.2821
rs101441	61	102	37	200	0.44	8	244100	0.4637
rs101442	104	78	18	200	0.285	13	244200	0.2736
rs101443	38	115	47	200	0.5225	7	244300	0.4965
rs101444	68	100	32	200	0.41	4	244400	0.4331
rs101445	152	45	3	200	0.1275	20	244500	0.1438
rs101446	61	87	52	200	0.4775	16	244600	0.4688
rs101447	162	37	1	200	0.0975	22	244700	0.1024
rs101448	68	99	33	200	0.4125	8	244800	0.4179
rs101449	119	74	7	200	0.22	5	244900	0.2213
rs101450	60	109	31	200	0.4275	5	245000	0.4451
rs101451	72	97	31	200	0.3975	3	245100	0.4406
rs101452	65	100	35	200	0.425	14	245200	0.4127
rs101453	62	100	38	200	0.44	19	245300	0.4055
rs101454	136	63	1	200	0.1625	7	245400	0.1871
rs101455	167	31	2	200	0.0875	20	245500	0.0864
rs101456	105	83	12	200	0.2675	21	245600	0.2313
rs101457	150	49	1	200	0.1275	5	245700	0.1281
rs101458	89	92	19	200	0.325	12	245800	0.3627
rs101459	113	75	12	200	0.2475	7	245900	0.2057
rs101460	49	106	45	200	0.49	22	246000	0.489
rs101461	88	97	15	200	0.3175	19	246100	0.3384
rs101462	74	92	34	200	0.4	14	246200	0.4201
rs101463	158	39	3	200	0.1125	16	246300	0.1096
rs101464	63	104	33	200	0.425	9	246400	0.4379
rs101465	59	101	40	200	0.4525	7	246500	0.4652
rs101466	103	82	15	200	0.28	19	246600	0.2692
rs101467	86	88	26	200	0.35	2	246700	0.3228
rs101468	74	103	23	200	0.3725	22	246800	0.3942
rs101469	149	44	7	200	0.145	16	246900	0.1287
rs101470	92	89	19	200	0.3175	16	247000	0.2762
rs101471	122	75	3	200	0.2025	20	247100	0.2294
rs101472	159	40	1	200	0.105	21	247200	0.1159
rs101473	117	74	9	200	0.23	20	247300	0.2154
rs101474	170	29	1	200	0.0775	18	247400	0.0807
rs101475	184	16	0	200	0.04	11	247500	0.0616
rs101476	149	48	3	200	0.135	19	247600	0.1108
rs101477	52	105	43	200	0.4775	12	247700	0.4834
rs101478	99	84	17	200	0.295	2	247800	0.2973
rs101479	58	102	40	200	0.455	15	247900	0.4846
rs101480	113	80	7	200	0.235	16	248000	0.2446
rs101481	131	66	3	200	0.18	10	248100	0.1903
rs101482	106	87	7	200	0.2525	15	248200	0.2778
rs101483	112	77	11	200	0.2475	2	248300	0.2478
rs101484	165	33	2	200	0.0925	6	248400	0.0975
rs101485	94	84	22	200	0.32	11	248500	0.3384
rs101486	146	52	2	200	0.14	14	248600	0.1472
rs101487	88	92	20	200	0.33	14	248700	0.3288
rs101488	83	98	19	200	0.34	6	248800	0.3426
rs101489	161	34	5	200	0.11	22	248900	0.1184
rs101490	170	29	1	200	0.0775	13	249000	0.0776
rs101491	73	93	34	200	0.4025	21	249100	0.4013
rs101492	102	78	20	200	0.295	4	249200	0.2569
rs101493	169	30	1	200	0.08	4	249300	0.0762
rs101494	56	100	44	200	0.47	9	249400	0.4977
rs101495	164	35	1	200	0.0925	18	249500	0.076
rs101496	89	92	19	200	0.325	5	249600	0.3628
rs101497	55	95	50	200	0.4875	17	249700	0.4927
rs101498	135	59	6	200	0.1775	2	249800	0.1576
rs101499	158	38	4	200	0.115	8	249900	0.114
rs101500	161	36	3	200	0.105	9	250000	0.1046
rs101501	130	64	6	200	0.19	16	250100	0.1865
rs101502	163	36	1	200	0.095	10	250200	0.0955
rs101503	91	89	20	200	0.3225	19	250300	0.3615
rs101504	169	31	0	200	0.0775	7	250400	0.078
rs101505	98	81	21	200	0.3075	11	250500	0.2792
rs101506	49	97	54	200	0.5125	12	250600	0.4985
rs101507	72	98	30	200	0.395	1	250700	0.4163
rs101508	97	81	22	200	0.3125	6	250800	0.3268
rs101509	134	60	6	200	0.18	5	250900	0.1878
rs101510	95	90	15	200	0.3	14	251000	0.3308
rs101511	115	70	15	200	0.25	10	251100	0.2872
rs101512	128	58	14	200	0.215	2	251200	0.2417
rs101513	152	45	3	200	0.1275	6	251300	0.1088
rs101514	67	96	37	200	0.425	15	251400	0.449
rs101515	107	83	10	200	0.2575	3	251500	0.2524
rs101516	144	55	1	200	0.1425	4	251600	0.1376
rs101517	110	71	19	200	0.2725	21	251700	0.2155
rs101518	128	61	11	200	0.2075	8	251800	0.2364
rs101519	66	97	37	200	0.4275	6	251900	0.4224
rs101520	82	93	25	200	0.3575	6	252000	0.3801
rs101521	72	89	39	200	0.4175	15	252100	0.3962
rs101522	184	16	0	200	0.04	14	252200	0.055
rs101523	120	66	14	200	0.235	4	252300	0.2373
rs101524	124	61	15	200	0.2275	5	252400	0.2666
rs101525	188	10	2	200	0.035	2	252500	0.0586
rs101526	139	57	4	200	0.1625	19	252600	0.1669
rs101527	79	86	35	200	0.39	10	252700	0.3921
rs101528	154	45	1	200	0.1175	22	252800	0.1117
rs101529	99	80	21	200	0.305	7	252900	0.2909
rs101530	146	50	4	200	0.145	5	253000	0.1468
rs101531	179	20	1	200	0.055	12	253100	0.0555
rs101532	146	48	6	200	0.15	11	253200	0.1585
rs101533	52	107	41	200	0.4725	2	253300	0.4891
rs101534	64	103	33	200	0.4225	5	253400	0.4107
rs101535	56	100	44	200	0.47	11	253500	0.4818
rs101536	97	86	17	200	0.3	9	253600	0.2695
rs101537	165	33	2	200	0.0925	1	253700	0.0994
rs101538	100	81	19	200	0.2975	6	253800	0.2966
rs101539	104	80	16	200	0.28	8	253900	0.2545
rs101540	66	93	41	200	0.4375	5	254000	0.43
rs101541	172	27	1	200	0.0725	1	254100	0.0941
rs101542	114	77	9	200	0.2375	9	254200	0.2697
rs101543	166	32	2	200	0.09	11	254300	0.1175
rs101544	123	70	7	200	0.21	12	254400	0.1961
rs101545	77	99	24	200	0.3675	5	254500	0.3818
rs101546	107	78	15	200	0.27	5	254600	0.2642
rs101547	124	66	10	200	0.215	9	254700	0.2191
rs101548	118	73	9	200	0.2275	11	254800	0.2275
rs101549	112	78	10	200	0.245	8	254900	0.2568
rs101550	71	98	31	200	0.4	5	255000	0.4033
rs101551	51	99	50	200	0.4975	15	255100	0.4514
rs101552	54	104	42	200	0.47	14	255200	0.4799
rs101553	77	91	32	200	0.3875	19	255300	0.4041
rs101554	140	55	5	200	0.1625	22	255400	0.1919
rs101555	78	100	22	200	0.36	5	255500	0.3597
rs101556	116	71	13	200	0.2425	3	255600	0.2469
rs101557	155	45	0	200	0.1125	21	255700	0.1646
rs101558	67	95	38	200	0.4275	11	255800	0.4284
rs101559	172	26	2	200	0.075	12	255900	0.0673
rs101560	56	88	56	200	0.5	4	256000	0.4558
rs101561	114	68	18	200	0.26	15	256100	0.2577
rs101562	84	99	17	200	0.3325	8	256200	0.3367
rs101563	84	98	18	200	0.335	14	256300	0.3467
rs101564	55	105	40	200	0.4625	22	256400	0.4528
rs101565	91	89	20	200	0.3225	12	256500	0.3365
rs101566	108	79	13	200	0.2625	13	256600	0.3263
rs101567	168	30	2	200	0.085	17	256700	0.08
rs101568	107	76	17	200	0.275	20	256800	0.2833
rs101569	160	39	1	200	0.1025	22	256900	0.1176
rs101570	84	87	29	200	0.3625	13	257000	0.3818
rs101571	95	86	19	200	0.31	13	257100	0.2805
rs101572	70	99	31	200	0.4025	17	257200	0.3561
rs101573	166	34	0	200	0.085	11	257300	0.0688
rs101574	164	35	1	200	0.0925	19	257400	0.0882
rs101575	96	81	23	200	0.3175	5	257500	0.3723
rs101576	178	22	0	200	0.055	20	257600	0.0824
rs101577	172	27	1	200	0.0725	20	257700	0.0821
rs101578	182	17	1	200	0.0475	7	257800	0.0554
rs101579	50	102	48	200	0.495	4	257900	0.4804
rs101580	76	99	25	200	0.3725	21	258000	0.3819
rs101581	129	64	7	200	0.195	14	258100	0.209
rs101582	134	58	8	200	0.185	19	258200	0.1834
rs101583	129	60	11	200	0.205	7	258300	0.2074
rs101584	74	92	34	200	0.4	14	258400	0.3986
rs101585	88	92	20	200	0.33	11	258500	0.3476
rs101586	141	56	3	200	0.155	9	258600	0.1333
rs101587	149	46	5	200	0.14	5	258700	0.1283
rs101588	175	24	1	200	0.065	16	258800	0.0943
rs101589	90	85	25	200	0.3375	18	258900	0.3471
rs101590	82	83	35	200	0.3825	1	259000	0.394
rs101591	140	48	12	200	0.18	9	259100	0.1693
rs101592	171	29	0	200	0.0725	4	259200	0.0594
rs101593	170	29	1	200	0.0775	10	259300	0.087
rs101594	53	104	43	200	0.475	1	259400	0.4855
rs101595	139	54	7	200	0.17	14	259500	0.183
rs101596	69	98	33	200	0.41	6	259600	0.3962
rs101597	90	91	19	200	0.3225	7	259700	0.3311
rs101598	130	55	15	200	0.2125	10	259800	0.2219
rs101599	140	57	3	200	0.1575	4	259900	0.1426
rs101600	164	34	2	200	0.095	8	260000	0.1046
rs101601	96	91	13	200	0.2925	8	260100	0.3268
rs101602	64	97	39	200	0.4375	2	260200	0.3986
rs101603	83	93	24	200	0.3525	7	260300	0.3398
rs101604	96	80	24	200	0.32	13	260400	0.2886
rs101605	173	27	0	200	0.0675	8	260500	0.0689
rs101606	51	89	60	200	0.5225	17	260600	0.4858
rs101607	57	108	35	200	0.445	3	260700	0.4094
rs101608	143	52	5	200	0.155	17	260800	0.1818
rs101609	49	101	50	200	0.5025	15	260900	0.491
rs101610	82	90	28	200	0.365	7	261000	0.3208
rs101611	90	91	19	200	0.3225	3	261100	0.3121
rs101612	72	100	28	200	0.39	4	261200	0.3866
rs101613	73	100	27	200	0.385	11	261300	0.4153
rs101614	78	105	17	200	0.3475	5	261400	0.3454
rs101615	159	40	1	200	0.105	7	261500	0.1076
rs101616	130	64	6	200	0.19	19	261600	0.2022
rs101617	66	84	50	200	0.46	16	261700	0.4676
rs101618	141	55	4	200	0.1575	11	261800	0.1511
rs101619	131	63	6	200	0.1875	5	261900	0.2175
rs101620	119	74	7	200	0.22	21	262000	0.2444
rs101621	107	83	10	200	0.2575	3	262100	0.2477
rs101622	89	92	19	200	0.325	17	262200	0.3258
rs101623	57	103	40	200	0.4575	17	262300	0.4744
rs101624	143	51	6	200	0.1575	20	262400	0.1583
rs101625	168	30	2	200	0.085	15	262500	0.1047
rs101626	139	55	6	200	0.1675	16	262600	0.1389
rs101627	60	105	35	200	0.4375	14	262700	0.4491
rs101628	86	85	29	200	0.3575	3	262800	0.3406
rs101629	140	56	4	200	0.16	11	262900	0.1787
rs101630	64	108	28	200	0.41	12	263000	0.4172
rs101631	59	96	45	200	0.465	6	263100	0.4376
rs101632	72	93	35	200	0.4075	4	263200	0.4309
rs101633	64	80	56	200	0.48	12	263300	0.4635
rs101634	138	57	5	200	0.1675	14	263400	0.1635
rs101635	75	100	25	200	0.375	9	263500	0.3898
rs101636	109	75	16	200	0.2675	5	263600	0.2572
rs101637	67	87	46	200	0.4475	16	263700	0.4289
rs101638	77	90	33	200	0.39	17	263800	0.3778
rs101639	72	92	36	200	0.41	15	263900	0.3994
rs101640	77	85	38	200	0.4025	4	264000	0.3453
rs101641	151	45	4	200	0.1325	19	264100	0.1298
rs101642	100	79	21	200	0.3025	9	264200	0.2953
rs101643	49	103	48	200	0.4975	8	264300	0.4931
rs101644	52	109	39	200	0.4675	14	264400	0.4718
rs101645	177	23	0	200	0.0575	3	264500	0.0694
rs101646	154	45	1	200	0.1175	12	264600	0.1242
rs101647	147	49	4	200	0.1425	16	264700	0.1093
rs101648	82	88	30	200	0.37	8	264800	0.3767
rs101649	66	97	37	200	0.4275	9	264900	0.418
rs101650	152	47	1	200	0.1225	21	265000	0.1461
rs101651	99	88	13	200	0.285	9	265100	0.2776
rs101652	64	91	45	200	0.4525	6	265200	0.4283
rs101653	72	102	26	200	0.385	8	265300	0.3798
rs101654	99	85	16	200	0.2925	8	265400	0.294
rs101655	107	78	15	200	0.27	8	265500	0.3157
rs101656	101	85	14	200	0.2825	18	265600	0.2788
rs101657	128	66	6	200	0.195	7	265700	0.1839
rs101658	106	69	25	200	0.2975	13	265800	0.3043
rs101659	102	74	24	200	0.305	3	265900	0.36
rs101660	49	113	38	200	0.4725	15	266000	0.443
rs101661	92	81	27	200	0.3375	9	266100	0.3363
rs101662	68	94	38	200	0.425	10	266200	0.3925
rs101663	161	38	1	200	0.1	1	266300	0.122
rs101664	109	78	13	200	0.26	14	266400	0.2577
rs101665	185	15	0	200	0.0375	10	266500	0.0542
rs101666	136	62	2	200	0.165	4	266600	0.161
rs101667	85	84	31	200	0.365	22	266700	0.3769
rs101668	45	103	52	200	0.5175	10	266800	0.4963
rs101669	152	46	2	200	0.125	13	266900	0.0946
rs101670	115	78	7	200	0.23	19	267000	0.2307
rs101671	72	94	34	200	0.405	12	267100	0.41
rs101672	136	60	4	200	0.17	13	267200	0.1418
rs101673	102	81	17	200	0.2875	9	267300	0.2998
rs101674	69	102	29	200	0.4	7	267400	0.3799
rs101675	83	98	19	200	0.34	1	267500	0.3272
rs101676	149	48	3	200	0.135	4	267600	0.1346
rs101677	127	63	10	200	0.2075	15	267700	0.2099
rs101678	82	88	30	200	0.37	21	267800	0.4027
rs101679	94	88	18	200	0.31	11	267900	0.2994
rs101680	177	22	1	200	0.06	5	268000	0.0524
rs101681	70	95	35	200	0.4125	15	268100	0.3924
rs101682	176	23	1	200	0.0625	13	268200	0.0659
rs101683	80	95	25	200	0.3625	12	268300	0.3856
rs101684	133	60	7	200	0.185	4	268400	0.1411
rs101685	52	101	47	200	0.4875	6	268500	0.4811
rs101686	129	64	7	200	0.195	15	268600	0.2156
rs101687	134	61	5	200	0.1775	5	268700	0.1971
rs101688	153	45	2	200	0.1225	15	268800	0.117
rs101689	126	66	8	200	0.205	4	268900	0.1875
rs101690	46	116	38	200	0.48	2	269000	0.4445
rs101691	50	100	50	200	0.5	12	269100	0.4984
rs101692	121	69	10	200	0.2225	5	269200	0.2157
rs101693	115	74	11	200	0.24	11	269300	0.2519
rs101694	81	91	28	200	0.3675	17	269400	0.3749
rs101695	60	107	33	200	0.4325	12	269500	0.4488
rs101696	91	93	16	200	0.3125	18	269600	0.3169
rs101697	121	65	14	200	0.2325	13	269700	0.2262
rs101698	116	75	9	200	0.2325	12	269800	0.2357
rs101699	89	91	20	200	0.3275	21	269900	0.363
rs101700	178	22	0	200	0.055	1	270000	0.0514
rs101701	85	100	15	200	0.325	1	270100	0.3288
rs101702	125	70	5	200	0.2	1	270200	0.21
rs101703	72	92	36	200	0.41	16	270300	0.4074
rs101704	164	36	0	200	0.09	6	270400	0.0918
rs101705	98	79	23	200	0.3125	20	270500	0.3147
rs101706	108	80	12	200	0.26	18	270600	0.2664
rs101707	90	90	20	200	0.325	11	270700	0.339
rs101708	162	38	0	200	0.095	10	270800	0.0792
rs101709	115	67	18	200	0.2575	10	270900	0.311
rs101710	88	90	22	200	0.335	18	271000	0.3027
rs101711	104	84	12	200	0.27	10	271100	0.3023
rs101712	97	83	20	200	0.3075	14	271200	0.3216
rs101713	98	76	26	200	0.32	8	271300	0.3544
rs101714	64	104	32	200	0.42	15	271400	0.4122
rs101715	157	40	3	200	0.115	3	271500	0.1714
rs101716	67	90	43	200	0.44	10	271600	0.4213
rs101717	115	69	16	200	0.2525	20	271700	0.2742
rs101718	166	33	1	200	0.0875	10	271800	0.0847
rs101719	171	28	1	200	0.075	14	271900	0.0763
rs101720	123	70	7	200	0.21	14	272000	0.2004
rs101721	78	89	33	200	0.3875	6	272100	0.4032
rs101722	80	91	29	200	0.3725	1	272200	0.3685
rs101723	60	101	39	200	0.4475	6	272300	0.4049
rs101724	108	77	15	200	0.2675	15	272400	0.2828
rs101725	111	76	13	200	0.255	20	272500	0.2481
rs101726	166	31	3	200	0.0925	9	272600	0.1164
rs101727	141	55	4	200	0.1575	17	272700	0.1977
rs101728	108	80	12	200	0.26	16	272800	0.2453
rs101729	163	34	3	200	0.1	1	272900	0.0899
rs101730	137	55	8	200	0.1775	12	273000	0.1493
rs101731	89	96	15	200	0.315	12	273100	0.3192
rs101732	70	99	31	200	0.4025	8	273200	0.381
rs101733	46	104	50	200	0.51	10	273300	0.4993
rs101734	51	92	57	200	0.515	2	273400	0.4699
rs101735	97	79	24	200	0.3175	4	273500	0.3392
rs101736	130	61	9	200	0.1975	11	273600	0.2396
rs101737	76	96	28	200	0.38	13	273700	0.3363
rs101738	73	98	29	200	0.39	4	273800	0.4035
rs101739	162	37	1	200	0.0975	3	273900	0.1033
rs101740	120	65	15	200	0.2375	2	274000	0.2345
rs101741	65	93	42	200	0.4425	16	274100	0.4279
rs101742	110	80	10	200	0.25	8	274200	0.2227
rs101743	89	99	12	200	0.3075	18	274300	0.3073
rs101744	89	88	23	200	0.335	4	274400	0.3145
rs101745	155	43	2	200	0.1175	14	274500	0.133
rs101746	132	56	12	200	0.2	22	274600	0.213
rs101747	131	60	9	200	0.195	8	274700	0.2005
rs101748	181	18	1	200	0.05	16	274800	0.0618
rs101749	184	14	2	200	0.045	12	274900	0.0609
rs101750	68	102	30	200	0.405	16	275000	0.4243
rs101751	135	62	3	200	0.17	3	275100	0.1729
rs101752	105	81	14	200	0.2725	22	275200	0.2831
rs101753	131	61	8	200	0.1925	22	275300	0.1844
rs101754	47	104	49	200	0.505	7	275400	0.4733
rs101755	139	55	6	200	0.1675	12	275500	0.1667
rs101756	106	78	16	200	0.275	8	275600	0.2433
rs101757	64	100	36	200	0.43	3	275700	0.4427
rs101758	56	109	35	200	0.4475	2	275800	0.4289
rs101759	158	40	2	200	0.11	11	275900	0.1337
rs101760	79	95	26	200	0.3675	15	276000	0.4112
rs101761	106	87	7	200	0.2525	6	276100	0.2562
rs101762	107	80	13	200	0.265	2	276200	0.2673
rs101763	153	44	3	200	0.125	17	276300	0.1101
rs101764	162	35	3	200	0.1025	16	276400	0.0863
rs101765	79	92	29	200	0.375	18	276500	0.3776
rs101766	106	81	13	200	0.2675	18	276600	0.2734
rs101767	117	72	11	200	0.235	1	276700	0.2466
rs101768	86	96	18	200	0.33	7	276800	0.3783
rs101769	64	92	44	200	0.45	6	276900	0.3945
rs101770	161	35	4	200	0.1075	7	277000	0.1215
rs101771	95	83	22	200	0.3175	6	277100	0.3246
rs101772	161	38	1	200	0.1	1	277200	0.1109
rs101773	68	94	38	200	0.425	13	277300	0.3881
rs101774	87	89	24	200	0.3425	20	277400	0.3456
rs101775	47	102	51	200	0.51	8	277500	0.4805
rs101776	175	24	1	200	0.065	22	277600	0.081
rs101777	175	23	2	200	0.0675	18	277700	0.0757
rs101778	131	59	10	200	0.1975	14	277800	0.177
rs101779	139	58	3	200	0.16	11	277900	0.1678
rs101780	135	59	6	200	0.1775	8	278000	0.1611
rs101781	68	96	36	200	0.42	10	278100	0.4578
rs101782	127	66	7	200	0.2	9	278200	0.1623
rs101783	143	51	6	200	0.1575	7	278300	0.1724
rs101784	93	78	29	200	0.34	21	278400	0.3917
rs101785	115	66	19	200	0.26	13	278500	0.2524
rs101786	71	101	28	200	0.3925	17	278600	0.3995
rs101787	168	32	0	200	0.08	18	278700	0.0794
rs101788	111	79	10	200	0.2475	14	278800	0.2694
rs101789	174	24	2	200	0.07	12	278900	0.0651
rs101790	164	36	0	200	0.09	15	279000	0.0782
rs101791	58	96	46	200	0.47	21	279100	0.4579
rs101792	164	36	0	200	0.09	22	279200	0.1127
rs101793	100	80	20	200	0.3	17	279300	0.2896
rs101794	114	73	13	200	0.2475	15	279400	0.235
rs101795	125	66	9	200	0.21	1	279500	0.2063
rs101796	48	108	44	200	0.49	3	279600	0.4549
rs101797	167	32	1	200	0.085	1	279700	0.0598
rs101798	73	97	30	200	0.3925	10	279800	0.3487
rs101799	57	106	37	200	0.45	13	279900	0.4835
rs101800	95	82	23	200	0.32	16	280000	0.3021
rs101801	55	99	46	200	0.4775	17	280100	0.4716
rs101802	174	26	0	200	0.065	13	280200	0.0735
rs101803	114	78	8	200	0.235	18	280300	0.2385
rs101804	129	63	8	200	0.1975	8	280400	0.1671
rs101805	89	82	29	200	0.35	10	280500	0.3789
rs101806	42	108	50	200	0.52	6	280600	0.4916
rs101807	136	62	2	200	0.165	12	280700	0.1654
rs101808	98	77	25	200	0.3175	4	280800	0.3444
rs101809	152	44	4	200	0.13	17	280900	0.1391
rs101810	97	81	22	200	0.3125	4	281000	0.3044
rs101811	110	71	19	200	0.2725	3	281100	0.2588
rs101812	51	104	45	200	0.485	9	281200	0.4874
rs101813	90	86	24	200	0.335	1	281300	0.3238
rs101814	111	79	10	200	0.2475	20	281400	0.2073
rs101815	174	23	3	200	0.0725	3	281500	0.1013
rs101816	159	39	2	200	0.1075	22	281600	0.1181
rs101817	143	48	9	200	0.165	7	281700	0.1514
rs101818	144	54	2	200	0.145	16	281800	0.1629
rs101819	70	95	35	200	0.4125	19	281900	0.4328
rs101820	104	83	13	200	0.2725	20	282000	0.3026
rs101821	93	96	11	200	0.295	3	282100	0.2855
rs101822	167	32	1	200	0.085	14	282200	0.1016
rs101823	69	95	36	200	0.4175	19	282300	0.4371
rs101824	81	91	28	200	0.3675	13	282400	0.3753
rs101825	175	25	0	200	0.0625	8	282500	0.0805
rs101826	78	95	27	200	0.3725	8	282600	0.3685
rs101827	102	76	22	200	0.3	14	282700	0.2946
rs101828	170	29	1	200	0.0775	1	282800	0.0868
rs101829	108	81	11	200	0.2575	8	282900	0.2562
rs101830	110	79	11	200	0.2525	13	283000	0.2681
rs101831	150	49	1	200	0.1275	4	283100	0.1246
rs101832	62	105	33	200	0.4275	9	283200	0.4756
rs101833	59	105	36	200	0.4425	6	283300	0.4325
rs101834	81	91	28	200	0.3675	15	283400	0.3511
rs101835	108	78	14	200	0.265	13	283500	0.258
rs101836	100	91	9	200	0.2725	1	283600	0.2353
rs101837	93	79	28	200	0.3375	5	283700	0.3429
rs101838	110	70	20	200	0.275	11	283800	0.2954
rs101839	169	30	1	200	0.08	10	283900	0.078
rs101840	95	87	18	200	0.3075	13	284000	0.2806
rs101841	69	91	40	200	0.4275	7	284100	0.4129
rs101842	132	59	9	200	0.1925	5	284200	0.2567
rs101843	185	14	1	200	0.04	22	284300	0.0734
rs101844	78	88	34	200	0.39	8	284400	0.4038
rs101845	141	59	0	200	0.1475	17	284500	0.1406
rs101846	141	52	7	200	0.165	7	284600	0.1664
rs101847	149	50	1	200	0.13	8	284700	0.1241
rs101848	125	72	3	200	0.195	20	284800	0.1986
rs101849	63	103	34	200	0.4275	14	284900	0.3905
rs101850	110	77	13	200	0.2575	16	285000	0.2837
rs101851	143	54	3	200	0.15	12	285100	0.1422
rs101852	52	101	47	200	0.4875	4	285200	0.445
rs101853	58	105	37	200	0.4475	8	285300	0.4458
rs101854	63	100	37	200	0.435	6	285400	0.4418
rs101855	141	53	6	200	0.1625	17	285500	0.1575
rs101856	109	68	23	200	0.285	17	285600	0.2531
rs101857	55	96	49	200	0.485	7	285700	0.4932
rs101858	64	99	37	200	0.4325	10	285800	0.3974
rs101859	182	17	1	200	0.0475	7	285900	0.0622
rs101860	167	32	1	200	0.085	4	286000	0.0793
rs101861	116	77	7	200	0.2275	10	286100	0.2588
rs101862	65	90	45	200	0.45	16	286200	0.4591
rs101863	106	73	21	200	0.2875	9	286300	0.2924
rs101864	101	84	15	200	0.285	18	286400	0.274
rs101865	163	35	2	200	0.0975	2	286500	0.0975
rs101866	98	78	24	200	0.315	15	286600	0.3456
rs101867	52	106	42	200	0.475	16	286700	0.4199
rs101868	131	59	10	200	0.1975	2	286800	0.2212
rs101869	71	90	39	200	0.42	22	286900	0.399
rs101870	56	94	50	200	0.485	12	287000	0.484
rs101871	157	37	6	200	0.1225	6	287100	0.1417
rs101872	109	71	20	200	0.2775	21	287200	0.2855
rs101873	131	65	4	200	0.1825	12	287300	0.1792
rs101874	71	101	28	200	0.3925	15	287400	0.4068
rs101875	102	78	20	200	0.295	18	287500	0.3099
rs101876	101	75	24	200	0.3075	21	287600	0.3356
rs101877	71	92	37	200	0.415	19	287700	0.4091
rs101878	135	57	8	200	0.1825	5	287800	0.2282
rs101879	52	111	37	200	0.4625	6	287900	0.4618
rs101880	113	69	18	200	0.2625	2	288000	0.2899
rs101881	150	46	4	200	0.135	6	288100	0.1211
rs101882	80	91	29	200	0.3725	3	288200	0.3632
rs101883	51	119	30	200	0.4475	9	288300	0.407
rs101884	122	70	8	200	0.215	17	288400	0.1925
rs101885	71	88	41	200	0.425	5	288500	0.4357
rs101886	54	92	54	200	0.5	13	288600	0.4578
rs101887	138	55	7	200	0.1725	14	288700	0.1746
rs101888	54	98	48	200	0.485	21	288800	0.4926
rs101889	145	51	4	200	0.1475	18	288900	0.1133
rs101890	147	51	2	200	0.1375	4	289000	0.1409
rs101891	157	41	2	200	0.1125	14	289100	0.1329
rs101892	68	91	41	200	0.4325	13	289200	0.4523
rs101893	85	94	21	200	0.34	13	289300	0.3444
rs101894	154	44	2	200	0.12	17	289400	0.1184
rs101895	116	71	13	200	0.2425	10	289500	0.2481
rs101896	89	89	22	200	0.3325	2	289600	0.3269
rs101897	166	29	5	200	0.0975	7	289700	0.0876
rs101898	69	86	45	200	0.44	16	289800	0.4471
rs101899	74	88	38	200	0.41	6	289900	0.4116
rs101900	105	85	10	200	0.2625	12	290000	0.2773
rs101901	53	89	58	200	0.5125	9	290100	0.4852
rs101902	122	72	6	200	0.21	20	290200	0.238
rs101903	60	86	54	200	0.485	3	290300	0.4928
rs101904	82	98	20	200	0.345	18	290400	0.3506
rs101905	89	84	27	200	0.345	1	290500	0.3356
rs101906	146	51	3	200	0.1425	5	290600	0.1247
rs101907	67	93	40	200	0.4325	20	290700	0.4469
rs101908	126	67	7	200	0.2025	21	290800	0.2424
rs101909	151	48	1	200	0.125	11	290900	0.123
rs101910	175	23	2	200	0.0675	22	291000	0.0557
rs101911	96	82	22	200	0.315	6	291100	0.3019
rs101912	99	81	20	200	0.3025	10	291200	0.2873
rs101913	79	92	29	200	0.375	14	291300	0.3737
rs101914	75	87	38	200	0.4075	1	291400	0.4506
rs101915	163	37	0	200	0.0925	11	291500	0.0857
rs101916	76	106	18	200	0.355	5	291600	0.3792
rs101917	155	40	5	200	0.125	16	291700	0.1343
rs101918	60	100	40	200	0.45	2	291800	0.4362
rs101919	65	95	40	200	0.4375	5	291900	0.4186
rs101920	102	82	16	200	0.285	21	292000	0.2934
rs101921	81	90	29	200	0.37	20	292100	0.3696
rs101922	140	54	6	200	0.165	18	292200	0.1915
rs101923	111	75	14	200	0.2575	16	292300	0.262
rs101924	64	93	43	200	0.4475	7	292400	0.4197
rs101925	104	83	13	200	0.2725	17	292500	0.2567
rs101926	131	62	7	200	0.19	20	292600	0.211
rs101927	106	77	17	200	0.2775	6	292700	0.2724
rs101928	70	96	34	200	0.41	7	292800	0.4227
rs101929	135	63	2	200	0.1675	5	292900	0.2008
rs101930	143	52	5	200	0.155	19	293000	0.1282
rs101931	71	100	29	200	0.395	2	293100	0.3704
rs101932	67	97	36	200	0.4225	20	293200	0.4217
rs101933	158	41	1	200	0.1075	21	293300	0.0953
rs101934	151	48	1	200	0.125	19	293400	0.1579
rs101935	159	39	2	200	0.1075	2	293500	0.1139
rs101936	117	70	13	200	0.24	6	293600	0.2066
rs101937	114	76	10	200	0.24	3	293700	0.2527
rs101938	76	104	20	200	0.36	16	293800	0.387
rs101939	92	81	27	200	0.3375	7	293900	0.343
rs101940	83	102	15	200	0.33	12	294000	0.3294
rs101941	129	59	12	200	0.2075	7	294100	0.2086
rs101942	56	105	39	200	0.4575	18	294200	0.4287
rs101943	109	80	11	200	0.255	2	294300	0.2621
rs101944	47	118	35	200	0.47	21	294400	0.4906
rs101945	90	83	27	200	0.3425	13	294500	0.3354
rs101946	158	38	4	200	0.115	10	294600	0.1068
rs101947	86	88	26	200	0.35	7	294700	0.3543
rs101948	130	59	11	200	0.2025	19	294800	0.1963
rs101949	71	101	28	200	0.3925	5	294900	0.3588
rs101950	174	25	1	200	0.0675	19	295000	0.0813
rs101951	149	49	2	200	0.1325	18	295100	0.1287
rs101952	55	115	30	200	0.4375	16	295200	0.4351
rs101953	145	53	2	200	0.1425	15	295300	0.1522
rs101954	64	102	34	200	0.425	9	295400	0.4267
rs101955	137	59	4	200	0.1675	17	295500	0.1757
rs101956	73	101	26	200	0.3825	19	295600	0.3393
rs101957	85	80	35	200	0.375	5	295700	0.3624
rs101958	108	80	12	200	0.26	22	295800	0.2807
rs101959	141	53	6	200	0.1625	9	295900	0.1874
rs101960	137	57	6	200	0.1725	7	296000	0.1457
rs101961	171	29	0	200	0.0725	3	296100	0.0649
rs101962	139	55	6	200	0.1675	19	296200	0.1868
rs101963	83	94	23	200	0.35	12	296300	0.3439
rs101964	45	115	40	200	0.4875	16	296400	0.4722
rs101965	76	83	41	200	0.4125	14	296500	0.442
rs101966	78	97	25	200	0.3675	6	296600	0.3947
rs101967	76	100	24	200	0.37	6	296700	0.4048
rs101968	82	100	18	200	0.34	2	296800	0.3492
rs101969	139	55	6	200	0.1675	17	296900	0.1671
rs101970	59	93	48	200	0.4725	6	297000	0.4582
rs101971	95	84	21	200	0.315	16	297100	0.3518
rs101972	106	77	17	200	0.2775	10	297200	0.3022
rs101973	158	38	4	200	0.115	19	297300	0.0999
rs101974	115	62	23	200	0.27	22	297400	0.2512
rs101975	119	74	7	200	0.22	16	297500	0.2572
rs101976	58	104	38	200	0.45	7	297600	0.4391
rs101977	101	84	15	200	0.285	3	297700	0.296
rs101978	113	79	8	200	0.2375	15	297800	0.2212
rs101979	54	101	45	200	0.4775	1	297900	0.4896
rs101980	155	43	2	200	0.1175	2	298000	0.0998
rs101981	108	74	18	200	0.275	11	298100	0.2401
rs101982	178	21	1	200	0.0575	3	298200	0.0689
rs101983	84	87	29	200	0.3625	22	298300	0.383
rs101984	61	106	33	200	0.43	12	298400	0.4631
rs101985	125	68	7	200	0.205	19	298500	0.176
rs101986	67	94	39	200	0.43	1	298600	0.4363
rs101987	138	54	8	200	0.175	18	298700	0.1815
rs101988	56	94	50	200	0.485	21	298800	0.4598
rs101989	69	100	31	200	0.405	2	298900	0.3893
rs101990	69	92	39	200	0.425	9	299000	0.4122
rs101991	178	21	1	200	0.0575	14	299100	0.0581
rs101992	49	104	47	200	0.495	22	299200	0.4833
rs101993	83	96	21	200	0.345	9	299300	0.377
rs101994	134	59	7	200	0.1825	4	299400	0.1871
rs101995	72	89	39	200	0.4175	22	299500	0.4232
rs101996	137	57	6	200	0.1725	19	299600	0.1767
rs101997	63	88	49	200	0.465	16	299700	0.4427
rs101998	168	31	1	200	0.0825	3	299800	0.1007
rs101999	95	83	22	200	0.3175	16	299900	0.3667
