snp_id	chrom	pos	beta	se	z	p_value	maf	-log10p	x_pos
rs100696	12.0	169600.0	0.834131366536112	0.2532740555567705	3.2933944406680227	0.0009898550244677	0.4768	3.004428408113783	300169600.0
rs100908	4.0	190800.0	1.0061175906221933	0.3179866169876844	3.164024952223572	0.0015560345432993	0.1669	2.807980766088134	1600190800.0
rs100894	12.0	189400.0	0.781121148393578	0.2483545899462757	3.145185070115075	0.0016598179323866	0.311	2.7799395476806517	300189400.0
rs100021	8.0	102100.0	-0.8291186748291597	0.2673531841833827	-3.101211146452818	0.0019273080724223	0.4617	2.715048859574317	2000102100.0
rs101854	6.0	285400.0	0.7516337985494705	0.2552622686905202	2.944555035122526	0.0032341942091476	0.4418	2.490233904828902	1800285400.0
rs100518	17.0	151800.0	0.8638383195088087	0.2999136437664892	2.880290168397232	0.0039730932133478	0.2196	2.4008712457758206	800151800.0
rs100420	18.0	142000.0	0.8111789681419583	0.2855294636065946	2.8409641439302007	0.0044977369100923	0.1949	2.3470059517098134	900142000.0
rs101731	12.0	273100.0	-0.8185569855864541	0.2991657498216346	-2.736132014023949	0.0062166081011515	0.3192	2.206446509963676	300273100.0
rs100773	14.0	177300.0	0.8273398050102354	0.3094157837023045	2.673877185936437	0.0074979904947724	0.2124	2.1250551144706846	500177300.0
rs100524	9.0	152400.0	0.634587368791614	0.24285499316665	2.6130299423415706	0.0089743439424459	0.4548	2.046997290113402	2100152400.0
rs100274	18.0	127400.0	0.7439865894940947	0.2877696875880959	2.5853542662179647	0.0097278987222457	0.209	2.0119809595144726	900127400.0
rs100319	15.0	131900.0	-0.6723855793031454	0.2620205233299369	-2.5661561573803726	0.010283252180519	0.4793	1.9878695136786215	600131900.0
rs101087	1.0	208700.0	0.7072943037706038	0.2757051262014765	2.565401352943056	0.0103056520954683	0.2028	1.986924522807281	208700.0
rs100284	7.0	128400.0	0.8951426327824514	0.3530394405844362	2.5355315295667675	0.0112276820747216	0.1232	1.9497098934324064	1900128400.0
rs100037	3.0	103700.0	0.6582427254943971	0.2610110560615951	2.521895951177871	0.0116724228391646	0.3065	1.932838988301915	1500103700.0
rs100583	5.0	158300.0	0.715858111133331	0.2878435899045722	2.486969090993678	0.0128836592102326	0.2409	1.8899607713618847	1700158300.0
rs101693	11.0	269300.0	-0.7929895664273521	0.3222224567283995	-2.461000311644204	0.0138550245727546	0.2519	1.8583926996325784	200269300.0
rs101500	9.0	250000.0	0.875656852826547	0.3569159357860409	2.453398027460096	0.0141513656062133	0.1046	1.8492016487173517	2100250000.0
rs101536	9.0	253600.0	0.6572200006530443	0.2684006954477508	2.4486523760926118	0.0143391764023564	0.2695	1.843475792474624	2100253600.0
rs101864	18.0	286400.0	0.649623930314844	0.2660273668893645	2.4419439921194632	0.0146084127856773	0.274	1.8353969679033524	900286400.0
