snp_id	count_0	count_1	count_2	n_non_missing	MAF
rs100000	102	85	13	200	0.2775
rs100001	161	37	2	200	0.1025
rs100002	119	64	17	200	0.245
rs100003	127	69	4	200	0.1925
rs100004	148	50	2	200	0.135
rs100005	60	96	44	200	0.46
rs100006	118	70	12	200	0.235
rs100007	67	92	41	200	0.435
rs100008	103	77	20	200	0.2925
rs100009	75	98	27	200	0.38
rs100010	109	75	16	200	0.2675
rs100011	93	89	18	200	0.3125
rs100012	111	73	16	200	0.2625
rs100013	149	50	1	200	0.13
rs100014	79	92	29	200	0.375
rs100015	140	52	8	200	0.17
rs100016	181	18	1	200	0.05
rs100017	90	81	29	200	0.3475
rs100018	151	45	4	200	0.1325
rs100019	67	90	43	200	0.44
rs100020	44	110	46	200	0.505
rs100021	65	93	42	200	0.4425
rs100022	126	67	7	200	0.2025
rs100023	171	29	0	200	0.0725
rs100024	55	103	42	200	0.4675
rs100025	129	56	15	200	0.215
rs100026	54	108	38	200	0.46
rs100027	60	104	36	200	0.44
rs100028	69	96	35	200	0.415
rs100029	140	53	7	200	0.1675
rs100030	125	66	9	200	0.21
rs100031	67	91	42	200	0.4375
rs100032	146	51	3	200	0.1425
rs100033	161	37	2	200	0.1025
rs100034	93	85	22	200	0.3225
rs100035	50	111	39	200	0.4725
rs100036	87	88	25	200	0.345
rs100037	101	82	17	200	0.29
rs100038	163	34	3	200	0.1
rs100039	88	91	21	200	0.3325
rs100040	49	94	57	200	0.52
rs100041	155	43	2	200	0.1175
rs100042	102	83	15	200	0.2825
rs100043	57	98	45	200	0.47
rs100044	69	102	29	200	0.4
rs100045	83	87	30	200	0.3675
rs100046	77	96	27	200	0.375
rs100047	131	59	10	200	0.1975
rs100048	121	68	11	200	0.225
rs100049	66	104	30	200	0.41
rs100050	71	93	36	200	0.4125
rs100051	72	92	36	200	0.41
rs100052	59	105	36	200	0.4425
rs100053	102	77	21	200	0.2975
rs100054	107	72	21	200	0.285
rs100055	78	86	36	200	0.395
rs100056	95	84	21	200	0.315
rs100057	80	92	28	200	0.37
rs100058	71	89	40	200	0.4225
rs100059	62	100	38	200	0.44
rs100060	122	67	11	200	0.2225
rs100061	122	63	15	200	0.2325
rs100062	161	38	1	200	0.1
rs100063	99	88	13	200	0.285
rs100064	180	19	1	200	0.0525
rs100065	101	86	13	200	0.28
rs100066	91	97	12	200	0.3025
rs100067	135	61	4	200	0.1725
rs100068	97	81	22	200	0.3125
rs100069	168	29	3	200	0.0875
rs100070	173	26	1	200	0.07
rs100071	65	107	28	200	0.4075
rs100072	122	71	7	200	0.2125
rs100073	152	47	1	200	0.1225
rs100074	89	97	14	200	0.3125
rs100075	64	114	22	200	0.395
rs100076	147	47	6	200	0.1475
rs100077	88	92	20	200	0.33
rs100078	169	30	1	200	0.08
rs100079	168	30	2	200	0.085
rs100080	99	81	20	200	0.3025
rs100081	100	89	11	200	0.2775
rs100082	74	96	30	200	0.39
rs100083	75	94	31	200	0.39
rs100084	56	94	50	200	0.485
rs100085	89	87	24	200	0.3375
rs100086	131	59	10	200	0.1975
rs100087	61	109	30	200	0.4225
rs100088	127	66	7	200	0.2
rs100089	113	78	9	200	0.24
rs100090	163	36	1	200	0.095
rs100091	176	24	0	200	0.06
rs100092	44	104	52	200	0.52
rs100093	65	87	48	200	0.4575
rs100094	82	95	23	200	0.3525
rs100095	115	73	12	200	0.2425
rs100096	152	48	0	200	0.12
rs100097	149	46	5	200	0.14
rs100098	136	57	7	200	0.1775
rs100099	103	76	21	200	0.295
rs100100	68	95	37	200	0.4225
rs100101	66	107	27	200	0.4025
rs100102	127	65	8	200	0.2025
rs100103	48	104	48	200	0.5
rs100104	73	106	21	200	0.37
rs100105	99	80	21	200	0.305
rs100106	88	83	29	200	0.3525
rs100107	122	61	17	200	0.2375
rs100108	144	49	7	200	0.1575
rs100109	130	55	15	200	0.2125
rs100110	65	110	25	200	0.4
rs100111	180	20	0	200	0.05
rs100112	163	33	4	200	0.1025
rs100113	168	31	1	200	0.0825
rs100114	168	32	0	200	0.08
rs100115	59	110	31	200	0.43
rs100116	84	97	19	200	0.3375
rs100117	118	71	11	200	0.2325
rs100118	161	35	4	200	0.1075
rs100119	115	74	11	200	0.24
rs100120	112	72	16	200	0.26
rs100121	151	48	1	200	0.125
rs100122	110	76	14	200	0.26
rs100123	114	81	5	200	0.2275
rs100124	79	96	25	200	0.365
rs100125	97	74	29	200	0.33
rs100126	174	26	0	200	0.065
rs100127	130	68	2	200	0.18
rs100128	90	90	20	200	0.325
rs100129	118	69	13	200	0.2375
rs100130	76	90	34	200	0.395
rs100131	88	96	16	200	0.32
rs100132	151	45	4	200	0.1325
rs100133	178	21	1	200	0.0575
rs100134	93	86	21	200	0.32
rs100135	182	17	1	200	0.0475
rs100136	95	88	17	200	0.305
rs100137	48	100	52	200	0.51
rs100138	114	67	19	200	0.2625
rs100139	119	72	9	200	0.225
rs100140	84	90	26	200	0.355
rs100141	107	78	15	200	0.27
rs100142	101	78	21	200	0.3
rs100143	58	96	46	200	0.47
rs100144	114	69	17	200	0.2575
rs100145	60	93	47	200	0.4675
rs100146	56	98	46	200	0.475
rs100147	147	47	6	200	0.1475
rs100148	164	33	3	200	0.0975
rs100149	165	34	1	200	0.09
rs100150	180	20	0	200	0.05
rs100151	167	31	2	200	0.0875
rs100152	80	96	24	200	0.36
rs100153	173	25	2	200	0.0725
rs100154	135	59	6	200	0.1775
rs100155	65	92	43	200	0.445
rs100156	177	23	0	200	0.0575
rs100157	70	100	30	200	0.4
rs100158	128	69	3	200	0.1875
rs100159	157	41	2	200	0.1125
rs100160	98	88	14	200	0.29
rs100161	81	97	22	200	0.3525
rs100162	65	102	33	200	0.42
rs100163	61	104	35	200	0.435
rs100164	72	99	29	200	0.3925
rs100165	137	56	7	200	0.175
rs100166	152	46	2	200	0.125
rs100167	80	99	21	200	0.3525
rs100168	74	83	43	200	0.4225
rs100169	46	107	47	200	0.5025
rs100170	121	68	11	200	0.225
rs100171	128	60	12	200	0.21
rs100172	89	86	25	200	0.34
rs100173	126	61	13	200	0.2175
rs100174	59	95	46	200	0.4675
rs100175	52	103	45	200	0.4825
rs100176	109	80	11	200	0.255
rs100177	75	95	30	200	0.3875
rs100178	77	100	23	200	0.365
rs100179	163	36	1	200	0.095
rs100180	65	84	51	200	0.465
rs100181	105	77	18	200	0.2825
rs100182	55	110	35	200	0.45
rs100183	133	63	4	200	0.1775
rs100184	65	96	39	200	0.435
rs100185	121	72	7	200	0.215
rs100186	174	26	0	200	0.065
rs100187	69	89	42	200	0.4325
rs100188	167	32	1	200	0.085
rs100189	119	67	14	200	0.2375
rs100190	45	101	54	200	0.5225
rs100191	60	102	38	200	0.445
rs100192	106	74	20	200	0.285
rs100193	90	86	24	200	0.335
rs100194	117	66	17	200	0.25
rs100195	127	63	10	200	0.2075
rs100196	128	66	6	200	0.195
rs100197	93	86	21	200	0.32
rs100198	69	99	32	200	0.4075
rs100199	73	91	36	200	0.4075
rs100200	60	111	29	200	0.4225
rs100201	153	44	3	200	0.125
rs100202	110	75	15	200	0.2625
rs100203	179	19	2	200	0.0575
rs100204	97	84	19	200	0.305
rs100205	116	75	9	200	0.2325
rs100206	71	87	42	200	0.4275
rs100207	127	58	15	200	0.22
rs100208	172	25	3	200	0.0775
rs100209	156	43	1	200	0.1125
rs100210	76	99	25	200	0.3725
rs100211	97	86	17	200	0.3
rs100212	163	36	1	200	0.095
rs100213	164	34	2	200	0.095
rs100214	77	91	32	200	0.3875
rs100215	168	29	3	200	0.0875
rs100216	78	86	36	200	0.395
rs100217	68	106	26	200	0.395
rs100218	176	24	0	200	0.06
rs100219	164	32	4	200	0.1
rs100220	50	103	47	200	0.4925
rs100221	123	73	4	200	0.2025
rs100222	117	77	6	200	0.2225
rs100223	68	101	31	200	0.4075
rs100224	59	101	40	200	0.4525
rs100225	49	94	57	200	0.52
rs100226	82	75	43	200	0.4025
rs100227	118	68	14	200	0.24
rs100228	167	31	2	200	0.0875
rs100229	80	89	31	200	0.3775
rs100230	118	67	15	200	0.2425
rs100231	111	77	12	200	0.2525
rs100232	53	99	48	200	0.4875
rs100233	174	25	1	200	0.0675
rs100234	107	85	8	200	0.2525
rs100235	182	17	1	200	0.0475
rs100236	105	81	14	200	0.2725
rs100237	175	24	1	200	0.065
rs100238	174	24	2	200	0.07
rs100239	161	38	1	200	0.1
rs100240	91	84	25	200	0.335
rs100241	66	96	38	200	0.43
rs100242	83	99	18	200	0.3375
rs100243	47	110	43	200	0.49
rs100244	117	75	8	200	0.2275
rs100245	132	61	7	200	0.1875
rs100246	57	95	48	200	0.4775
rs100247	144	53	3	200	0.1475
rs100248	52	102	46	200	0.485
rs100249	183	16	1	200	0.045
rs100250	47	102	51	200	0.51
rs100251	172	28	0	200	0.07
rs100252	55	115	30	200	0.4375
rs100253	108	84	8	200	0.25
rs100254	44	101	55	200	0.5275
rs100255	169	29	2	200	0.0825
rs100256	102	76	22	200	0.3
rs100257	50	103	47	200	0.4925
rs100258	106	74	20	200	0.285
rs100259	83	94	23	200	0.35
rs100260	83	94	23	200	0.35
rs100261	110	78	12	200	0.255
rs100262	90	92	18	200	0.32
rs100263	81	100	19	200	0.345
rs100264	55	103	42	200	0.4675
rs100265	169	29	2	200	0.0825
rs100266	135	57	8	200	0.1825
rs100267	57	107	36	200	0.4475
rs100268	60	103	37	200	0.4425
rs100269	99	85	16	200	0.2925
rs100270	91	82	27	200	0.34
rs100271	131	65	4	200	0.1825
rs100272	154	43	3	200	0.1225
rs100273	105	79	16	200	0.2775
rs100274	127	65	8	200	0.2025
rs100275	94	90	16	200	0.305
rs100276	167	32	1	200	0.085
rs100277	47	103	50	200	0.5075
rs100278	49	104	47	200	0.495
rs100279	79	96	25	200	0.365
rs100280	87	99	14	200	0.3175
rs100281	140	54	6	200	0.165
rs100282	61	97	42	200	0.4525
rs100283	84	92	24	200	0.35
rs100284	152	46	2	200	0.125
rs100285	50	110	40	200	0.475
rs100286	71	87	42	200	0.4275
rs100287	62	103	35	200	0.4325
rs100288	89	88	23	200	0.335
rs100289	103	78	19	200	0.29
rs100290	124	68	8	200	0.21
rs100291	55	111	34	200	0.4475
rs100292	62	106	32	200	0.425
rs100293	167	32	1	200	0.085
rs100294	169	30	1	200	0.08
rs100295	131	58	11	200	0.2
rs100296	71	101	28	200	0.3925
rs100297	46	93	61	200	0.5375
rs100298	161	34	5	200	0.11
rs100299	94	87	19	200	0.3125
rs100300	121	68	11	200	0.225
rs100301	50	85	65	200	0.5375
rs100302	59	97	44	200	0.4625
rs100303	76	86	38	200	0.405
rs100304	107	83	10	200	0.2575
rs100305	119	72	9	200	0.225
rs100306	131	61	8	200	0.1925
rs100307	179	20	1	200	0.055
rs100308	65	100	35	200	0.425
rs100309	79	86	35	200	0.39
rs100310	50	99	51	200	0.5025
rs100311	44	101	55	200	0.5275
rs100312	92	89	19	200	0.3175
rs100313	70	104	26	200	0.39
rs100314	55	105	40	200	0.4625
rs100315	72	96	32	200	0.4
rs100316	139	56	5	200	0.165
rs100317	115	73	12	200	0.2425
rs100318	162	34	4	200	0.105
rs100319	55	99	46	200	0.4775
rs100320	86	94	20	200	0.335
rs100321	143	53	4	200	0.1525
rs100322	92	91	17	200	0.3125
rs100323	93	85	22	200	0.3225
rs100324	133	61	6	200	0.1825
rs100325	164	36	0	200	0.09
rs100326	85	93	22	200	0.3425
rs100327	100	83	17	200	0.2925
rs100328	72	86	42	200	0.425
rs100329	104	84	12	200	0.27
rs100330	62	97	41	200	0.4475
rs100331	90	93	17	200	0.3175
rs100332	91	87	22	200	0.3275
rs100333	72	92	36	200	0.41
rs100334	119	65	16	200	0.2425
rs100335	149	50	1	200	0.13
rs100336	181	18	1	200	0.05
rs100337	68	103	29	200	0.4025
rs100338	90	87	23	200	0.3325
rs100339	91	84	25	200	0.335
rs100340	153	42	5	200	0.13
rs100341	169	29	2	200	0.0825
rs100342	173	25	2	200	0.0725
rs100343	128	66	6	200	0.195
rs100344	100	78	22	200	0.305
rs100345	120	77	3	200	0.2075
rs100346	106	82	12	200	0.265
rs100347	53	107	40	200	0.4675
rs100348	128	67	5	200	0.1925
rs100349	100	82	18	200	0.295
rs100350	78	101	21	200	0.3575
rs100351	117	76	7	200	0.225
rs100352	90	89	21	200	0.3275
rs100353	64	92	44	200	0.45
rs100354	41	95	64	200	0.5575
rs100355	146	51	3	200	0.1425
rs100356	57	101	42	200	0.4625
rs100357	117	73	10	200	0.2325
rs100358	136	61	3	200	0.1675
rs100359	106	81	13	200	0.2675
rs100360	59	92	49	200	0.475
rs100361	113	73	14	200	0.2525
rs100362	136	59	5	200	0.1725
rs100363	86	84	30	200	0.36
rs100364	147	46	7	200	0.15
rs100365	169	28	3	200	0.085
rs100366	166	31	3	200	0.0925
rs100367	153	44	3	200	0.125
rs100368	158	40	2	200	0.11
rs100369	155	42	3	200	0.12
rs100370	91	86	23	200	0.33
rs100371	154	41	5	200	0.1275
rs100372	125	64	11	200	0.215
rs100373	60	94	46	200	0.465
rs100374	121	74	5	200	0.21
rs100375	71	100	29	200	0.395
rs100376	155	43	2	200	0.1175
rs100377	154	42	4	200	0.125
rs100378	175	24	1	200	0.065
rs100379	155	42	3	200	0.12
rs100380	129	65	6	200	0.1925
rs100381	153	42	5	200	0.13
rs100382	173	24	3	200	0.075
rs100383	165	34	1	200	0.09
rs100384	101	93	6	200	0.2625
rs100385	148	48	4	200	0.14
rs100386	137	57	6	200	0.1725
rs100387	102	79	19	200	0.2925
rs100388	77	91	32	200	0.3875
rs100389	179	21	0	200	0.0525
rs100390	76	84	40	200	0.41
rs100391	87	92	21	200	0.335
rs100392	163	34	3	200	0.1
rs100393	64	92	44	200	0.45
rs100394	63	92	45	200	0.455
rs100395	166	32	2	200	0.09
rs100396	130	58	12	200	0.205
rs100397	62	99	39	200	0.4425
rs100398	69	99	32	200	0.4075
rs100399	144	50	6	200	0.155
rs100400	150	49	1	200	0.1275
rs100401	121	71	8	200	0.2175
rs100402	109	74	17	200	0.27
rs100403	90	89	21	200	0.3275
rs100404	129	65	6	200	0.1925
rs100405	118	71	11	200	0.2325
rs100406	75	87	38	200	0.4075
rs100407	168	32	0	200	0.08
rs100408	135	61	4	200	0.1725
rs100409	71	104	25	200	0.385
rs100410	57	100	43	200	0.465
rs100411	105	79	16	200	0.2775
rs100412	94	93	13	200	0.2975
rs100413	164	33	3	200	0.0975
rs100414	106	79	15	200	0.2725
rs100415	109	76	15	200	0.265
rs100416	131	63	6	200	0.1875
rs100417	145	51	4	200	0.1475
rs100418	109	82	9	200	0.25
rs100419	175	25	0	200	0.0625
rs100420	129	62	9	200	0.2
rs100421	135	63	2	200	0.1675
rs100422	130	62	8	200	0.195
rs100423	156	41	3	200	0.1175
rs100424	63	93	44	200	0.4525
rs100425	105	77	18	200	0.2825
rs100426	94	89	17	200	0.3075
rs100427	69	98	33	200	0.41
rs100428	101	88	11	200	0.275
rs100429	172	27	1	200	0.0725
rs100430	100	78	22	200	0.305
rs100431	89	89	22	200	0.3325
rs100432	83	88	29	200	0.365
rs100433	124	67	9	200	0.2125
rs100434	159	40	1	200	0.105
rs100435	137	60	3	200	0.165
rs100436	129	58	13	200	0.21
rs100437	81	89	30	200	0.3725
rs100438	104	69	27	200	0.3075
rs100439	143	49	8	200	0.1625
rs100440	50	109	41	200	0.4775
rs100441	87	87	26	200	0.3475
rs100442	144	51	5	200	0.1525
rs100443	170	28	2	200	0.08
rs100444	155	42	3	200	0.12
rs100445	131	60	9	200	0.195
rs100446	146	51	3	200	0.1425
rs100447	142	51	7	200	0.1625
rs100448	139	50	11	200	0.18
rs100449	155	43	2	200	0.1175
rs100450	63	102	35	200	0.43
rs100451	165	34	1	200	0.09
rs100452	97	92	11	200	0.285
rs100453	102	89	9	200	0.2675
rs100454	55	107	38	200	0.4575
rs100455	168	31	1	200	0.0825
rs100456	118	75	7	200	0.2225
rs100457	61	105	34	200	0.4325
rs100458	64	99	37	200	0.4325
rs100459	70	95	35	200	0.4125
rs100460	139	55	6	200	0.1675
rs100461	154	43	3	200	0.1225
rs100462	84	94	22	200	0.345
rs100463	61	105	34	200	0.4325
rs100464	99	89	12	200	0.2825
rs100465	106	74	20	200	0.285
rs100466	137	59	4	200	0.1675
rs100467	79	91	30	200	0.3775
rs100468	148	49	3	200	0.1375
rs100469	136	56	8	200	0.18
rs100470	91	103	6	200	0.2875
rs100471	98	81	21	200	0.3075
rs100472	138	53	9	200	0.1775
rs100473	157	40	3	200	0.115
rs100474	98	89	13	200	0.2875
rs100475	126	68	6	200	0.2
rs100476	107	76	17	200	0.275
rs100477	155	43	2	200	0.1175
rs100478	121	65	14	200	0.2325
rs100479	108	76	16	200	0.27
rs100480	176	23	1	200	0.0625
rs100481	128	65	7	200	0.1975
rs100482	162	36	2	200	0.1
rs100483	171	27	2	200	0.0775
rs100484	41	111	48	200	0.5175
rs100485	122	74	4	200	0.205
rs100486	66	97	37	200	0.4275
rs100487	146	49	5	200	0.1475
rs100488	87	101	12	200	0.3125
rs100489	75	87	38	200	0.4075
rs100490	86	97	17	200	0.3275
rs100491	108	81	11	200	0.2575
rs100492	127	57	16	200	0.2225
rs100493	119	68	13	200	0.235
rs100494	60	101	39	200	0.4475
rs100495	58	106	36	200	0.445
rs100496	44	98	58	200	0.535
rs100497	156	42	2	200	0.115
rs100498	80	95	25	200	0.3625
rs100499	57	97	46	200	0.4725
rs100500	160	35	5	200	0.1125
rs100501	159	36	5	200	0.115
rs100502	72	107	21	200	0.3725
rs100503	87	93	20	200	0.3325
rs100504	67	99	34	200	0.4175
rs100505	153	45	2	200	0.1225
rs100506	71	91	38	200	0.4175
rs100507	151	44	5	200	0.135
rs100508	155	43	2	200	0.1175
rs100509	160	36	4	200	0.11
rs100510	65	102	33	200	0.42
rs100511	75	99	26	200	0.3775
rs100512	111	80	9	200	0.245
rs100513	111	79	10	200	0.2475
rs100514	62	95	43	200	0.4525
rs100515	110	80	10	200	0.25
rs100516	79	89	32	200	0.3825
rs100517	110	73	17	200	0.2675
rs100518	126	68	6	200	0.2
rs100519	105	81	14	200	0.2725
rs100520	137	52	11	200	0.185
rs100521	84	86	30	200	0.365
rs100522	106	83	11	200	0.2625
rs100523	139	56	5	200	0.165
rs100524	66	90	44	200	0.445
rs100525	118	72	10	200	0.23
rs100526	106	78	16	200	0.275
rs100527	50	111	39	200	0.4725
rs100528	98	82	20	200	0.305
rs100529	156	41	3	200	0.1175
rs100530	54	98	48	200	0.485
rs100531	81	96	23	200	0.355
rs100532	124	68	8	200	0.21
rs100533	164	35	1	200	0.0925
rs100534	80	94	26	200	0.365
rs100535	90	90	20	200	0.325
rs100536	111	74	15	200	0.26
rs100537	58	102	40	200	0.455
rs100538	70	100	30	200	0.4
rs100539	155	41	4	200	0.1225
rs100540	123	73	4	200	0.2025
rs100541	130	63	7	200	0.1925
rs100542	67	103	30	200	0.4075
rs100543	174	26	0	200	0.065
rs100544	98	89	13	200	0.2875
rs100545	72	91	37	200	0.4125
rs100546	56	103	41	200	0.4625
rs100547	125	69	6	200	0.2025
rs100548	69	90	41	200	0.43
rs100549	157	42	1	200	0.11
rs100550	62	101	37	200	0.4375
rs100551	157	42	1	200	0.11
rs100552	122	67	11	200	0.2225
rs100553	59	91	50	200	0.4775
rs100554	152	48	0	200	0.12
rs100555	145	54	1	200	0.14
rs100556	74	86	40	200	0.415
rs100557	74	99	27	200	0.3825
rs100558	86	93	21	200	0.3375
rs100559	94	88	18	200	0.31
rs100560	95	82	23	200	0.32
rs100561	134	58	8	200	0.185
rs100562	120	69	11	200	0.2275
rs100563	160	38	2	200	0.105
rs100564	64	92	44	200	0.45
rs100565	92	87	21	200	0.3225
rs100566	113	78	9	200	0.24
rs100567	103	80	17	200	0.285
rs100568	45	114	41	200	0.49
rs100569	154	42	4	200	0.125
rs100570	106	81	13	200	0.2675
rs100571	104	81	15	200	0.2775
rs100572	92	88	20	200	0.32
rs100573	177	22	1	200	0.06
rs100574	59	106	35	200	0.44
rs100575	54	96	50	200	0.49
rs100576	93	92	15	200	0.305
rs100577	84	90	26	200	0.355
rs100578	53	105	42	200	0.4725
rs100579	82	86	32	200	0.375
rs100580	152	43	5	200	0.1325
rs100581	99	85	16	200	0.2925
rs100582	90	92	18	200	0.32
rs100583	118	73	9	200	0.2275
rs100584	76	92	32	200	0.39
rs100585	51	103	46	200	0.4875
rs100586	57	99	44	200	0.4675
rs100587	115	72	13	200	0.245
rs100588	166	34	0	200	0.085
rs100589	68	92	40	200	0.43
rs100590	80	87	33	200	0.3825
rs100591	162	37	1	200	0.0975
rs100592	56	97	47	200	0.4775
rs100593	61	94	45	200	0.46
rs100594	94	91	15	200	0.3025
rs100595	92	95	13	200	0.3025
rs100596	125	69	6	200	0.2025
rs100597	167	32	1	200	0.085
rs100598	128	56	16	200	0.22
rs100599	64	100	36	200	0.43
rs100600	182	17	1	200	0.0475
rs100601	131	64	5	200	0.185
rs100602	133	62	5	200	0.18
rs100603	107	82	11	200	0.26
rs100604	55	105	40	200	0.4625
rs100605	142	48	10	200	0.17
rs100606	138	55	7	200	0.1725
rs100607	84	89	27	200	0.3575
rs100608	111	79	10	200	0.2475
rs100609	145	52	3	200	0.145
rs100610	114	78	8	200	0.235
rs100611	159	37	4	200	0.1125
rs100612	160	39	1	200	0.1025
rs100613	110	74	16	200	0.265
rs100614	106	77	17	200	0.2775
rs100615	64	100	36	200	0.43
rs100616	108	84	8	200	0.25
rs100617	105	69	26	200	0.3025
rs100618	86	89	25	200	0.3475
rs100619	180	20	0	200	0.05
rs100620	83	86	31	200	0.37
rs100621	166	30	4	200	0.095
rs100622	52	96	52	200	0.5
rs100623	163	36	1	200	0.095
rs100624	107	80	13	200	0.265
rs100625	167	33	0	200	0.0825
rs100626	57	93	50	200	0.4825
rs100627	109	82	9	200	0.25
rs100628	95	91	14	200	0.2975
rs100629	174	26	0	200	0.065
rs100630	79	87	34	200	0.3875
rs100631	136	60	4	200	0.17
rs100632	55	103	42	200	0.4675
rs100633	137	58	5	200	0.17
rs100634	157	35	8	200	0.1275
rs100635	176	23	1	200	0.0625
rs100636	102	78	20	200	0.295
rs100637	92	88	20	200	0.32
rs100638	180	20	0	200	0.05
rs100639	71	96	33	200	0.405
rs100640	123	62	15	200	0.23
rs100641	92	94	14	200	0.305
rs100642	123	62	15	200	0.23
rs100643	122	68	10	200	0.22
rs100644	96	82	22	200	0.315
rs100645	150	49	1	200	0.1275
rs100646	139	55	6	200	0.1675
rs100647	70	95	35	200	0.4125
rs100648	51	99	50	200	0.4975
rs100649	116	70	14	200	0.245
rs100650	130	57	13	200	0.2075
rs100651	94	81	25	200	0.3275
rs100652	114	76	10	200	0.24
rs100653	167	33	0	200	0.0825
rs100654	155	42	3	200	0.12
rs100655	75	95	30	200	0.3875
rs100656	80	87	33	200	0.3825
rs100657	170	30	0	200	0.075
rs100658	137	58	5	200	0.17
rs100659	141	54	5	200	0.16
rs100660	91	84	25	200	0.335
rs100661	178	21	1	200	0.0575
rs100662	161	37	2	200	0.1025
rs100663	70	95	35	200	0.4125
rs100664	148	51	1	200	0.1325
rs100665	86	84	30	200	0.36
rs100666	131	65	4	200	0.1825
rs100667	158	39	3	200	0.1125
rs100668	131	63	6	200	0.1875
rs100669	73	99	28	200	0.3875
rs100670	59	112	29	200	0.425
rs100671	50	116	34	200	0.46
rs100672	136	57	7	200	0.1775
rs100673	86	95	19	200	0.3325
rs100674	144	49	7	200	0.1575
rs100675	135	58	7	200	0.18
rs100676	53	108	39	200	0.465
rs100677	175	24	1	200	0.065
rs100678	165	34	1	200	0.09
rs100679	135	60	5	200	0.175
rs100680	175	25	0	200	0.0625
rs100681	149	48	3	200	0.135
rs100682	93	88	19	200	0.315
rs100683	121	70	9	200	0.22
rs100684	52	110	38	200	0.465
rs100685	77	85	38	200	0.4025
rs100686	117	72	11	200	0.235
rs100687	136	55	9	200	0.1825
rs100688	110	80	10	200	0.25
rs100689	86	91	23	200	0.3425
rs100690	144	53	3	200	0.1475
rs100691	93	94	13	200	0.3
rs100692	111	75	14	200	0.2575
rs100693	93	83	24	200	0.3275
rs100694	125	65	10	200	0.2125
rs100695	136	53	11	200	0.1875
rs100696	60	98	42	200	0.455
rs100697	69	96	35	200	0.415
rs100698	148	50	2	200	0.135
rs100699	52	105	43	200	0.4775
rs100700	115	72	13	200	0.245
rs100701	56	102	42	200	0.465
rs100702	74	103	23	200	0.3725
rs100703	111	70	19	200	0.27
rs100704	177	23	0	200	0.0575
rs100705	131	66	3	200	0.18
rs100706	86	90	24	200	0.345
rs100707	90	89	21	200	0.3275
rs100708	126	67	7	200	0.2025
rs100709	162	36	2	200	0.1
rs100710	59	98	43	200	0.46
rs100711	45	101	54	200	0.5225
rs100712	100	81	19	200	0.2975
rs100713	152	42	6	200	0.135
rs100714	132	61	7	200	0.1875
rs100715	173	24	3	200	0.075
rs100716	58	104	38	200	0.45
rs100717	163	37	0	200	0.0925
rs100718	78	102	20	200	0.355
rs100719	136	58	6	200	0.175
rs100720	89	92	19	200	0.325
rs100721	82	94	24	200	0.355
rs100722	67	90	43	200	0.44
rs100723	152	46	2	200	0.125
rs100724	170	28	2	200	0.08
rs100725	169	28	3	200	0.085
rs100726	54	93	53	200	0.4975
rs100727	63	97	40	200	0.4425
rs100728	92	88	20	200	0.32
rs100729	98	83	19	200	0.3025
rs100730	83	88	29	200	0.365
rs100731	143	52	5	200	0.155
rs100732	50	102	48	200	0.495
rs100733	112	80	8	200	0.24
rs100734	130	63	7	200	0.1925
rs100735	84	99	17	200	0.3325
rs100736	173	25	2	200	0.0725
rs100737	143	52	5	200	0.155
rs100738	84	88	28	200	0.36
rs100739	168	31	1	200	0.0825
rs100740	95	91	14	200	0.2975
rs100741	135	63	2	200	0.1675
rs100742	126	65	9	200	0.2075
rs100743	134	61	5	200	0.1775
rs100744	129	60	11	200	0.205
rs100745	73	98	29	200	0.39
rs100746	135	57	8	200	0.1825
rs100747	101	82	17	200	0.29
rs100748	107	81	12	200	0.2625
rs100749	84	85	31	200	0.3675
rs100750	52	105	43	200	0.4775
rs100751	75	96	29	200	0.385
rs100752	128	69	3	200	0.1875
rs100753	180	20	0	200	0.05
rs100754	145	49	6	200	0.1525
rs100755	94	81	25	200	0.3275
rs100756	176	24	0	200	0.06
rs100757	112	72	16	200	0.26
rs100758	92	86	22	200	0.325
rs100759	131	65	4	200	0.1825
rs100760	81	94	25	200	0.36
rs100761	161	35	4	200	0.1075
rs100762	167	33	0	200	0.0825
rs100763	73	95	32	200	0.3975
rs100764	104	83	13	200	0.2725
rs100765	86	89	25	200	0.3475
rs100766	107	75	18	200	0.2775
rs100767	140	55	5	200	0.1625
rs100768	64	98	38	200	0.435
rs100769	67	97	36	200	0.4225
rs100770	88	91	21	200	0.3325
rs100771	130	62	8	200	0.195
rs100772	105	80	15	200	0.275
rs100773	133	62	5	200	0.18
rs100774	157	41	2	200	0.1125
rs100775	59	103	38	200	0.4475
rs100776	155	43	2	200	0.1175
rs100777	52	102	46	200	0.485
rs100778	114	68	18	200	0.26
rs100779	149	48	3	200	0.135
rs100780	112	71	17	200	0.2625
rs100781	56	105	39	200	0.4575
rs100782	94	81	25	200	0.3275
rs100783	57	103	40	200	0.4575
rs100784	78	98	24	200	0.365
rs100785	73	94	33	200	0.4
rs100786	60	102	38	200	0.445
rs100787	150	49	1	200	0.1275
rs100788	115	66	19	200	0.26
rs100789	140	54	6	200	0.165
rs100790	57	101	42	200	0.4625
rs100791	60	91	49	200	0.4725
rs100792	179	20	1	200	0.055
rs100793	83	91	26	200	0.3575
rs100794	56	94	50	200	0.485
rs100795	151	46	3	200	0.13
rs100796	102	81	17	200	0.2875
rs100797	57	105	38	200	0.4525
rs100798	172	27	1	200	0.0725
rs100799	80	92	28	200	0.37
rs100800	133	60	7	200	0.185
rs100801	59	99	42	200	0.4575
rs100802	52	95	53	200	0.5025
rs100803	55	103	42	200	0.4675
rs100804	89	92	19	200	0.325
rs100805	57	100	43	200	0.465
rs100806	62	105	33	200	0.4275
rs100807	130	65	5	200	0.1875
rs100808	57	110	33	200	0.44
rs100809	180	18	2	200	0.055
rs100810	90	87	23	200	0.3325
rs100811	144	51	5	200	0.1525
rs100812	172	26	2	200	0.075
rs100813	167	31	2	200	0.0875
rs100814	71	88	41	200	0.425
rs100815	113	78	9	200	0.24
rs100816	79	92	29	200	0.375
rs100817	175	24	1	200	0.065
rs100818	131	60	9	200	0.195
rs100819	100	82	18	200	0.295
rs100820	68	101	31	200	0.4075
rs100821	126	64	10	200	0.21
rs100822	87	93	20	200	0.3325
rs100823	64	98	38	200	0.435
rs100824	85	90	25	200	0.35
rs100825	147	48	5	200	0.145
rs100826	178	21	1	200	0.0575
rs100827	59	100	41	200	0.455
rs100828	182	16	2	200	0.05
rs100829	66	96	38	200	0.43
rs100830	104	77	19	200	0.2875
rs100831	56	116	28	200	0.43
rs100832	59	106	35	200	0.44
rs100833	56	100	44	200	0.47
rs100834	118	70	12	200	0.235
rs100835	73	84	43	200	0.425
rs100836	111	78	11	200	0.25
rs100837	103	83	14	200	0.2775
rs100838	81	98	21	200	0.35
rs100839	63	100	37	200	0.435
rs100840	44	103	53	200	0.5225
rs100841	69	106	25	200	0.39
rs100842	131	59	10	200	0.1975
rs100843	109	70	21	200	0.28
rs100844	78	100	22	200	0.36
rs100845	146	49	5	200	0.1475
rs100846	162	33	5	200	0.1075
rs100847	125	68	7	200	0.205
rs100848	134	61	5	200	0.1775
rs100849	135	58	7	200	0.18
rs100850	138	57	5	200	0.1675
rs100851	182	17	1	200	0.0475
rs100852	176	22	2	200	0.065
rs100853	46	107	47	200	0.5025
rs100854	101	80	19	200	0.295
rs100855	129	62	9	200	0.2
rs100856	77	96	27	200	0.375
rs100857	142	51	7	200	0.1625
rs100858	50	121	29	200	0.4475
rs100859	74	94	32	200	0.395
rs100860	165	33	2	200	0.0925
rs100861	112	75	13	200	0.2525
rs100862	60	98	42	200	0.455
rs100863	58	102	40	200	0.455
rs100864	110	79	11	200	0.2525
rs100865	95	80	25	200	0.325
rs100866	145	53	2	200	0.1425
rs100867	49	109	42	200	0.4825
rs100868	142	48	10	200	0.17
rs100869	63	96	41	200	0.445
rs100870	86	92	22	200	0.34
rs100871	92	91	17	200	0.3125
rs100872	107	77	16	200	0.2725
rs100873	161	35	4	200	0.1075
rs100874	155	44	1	200	0.115
rs100875	150	48	2	200	0.13
rs100876	148	50	2	200	0.135
rs100877	72	98	30	200	0.395
rs100878	126	67	7	200	0.2025
rs100879	175	25	0	200	0.0625
rs100880	45	102	53	200	0.52
rs100881	56	94	50	200	0.485
rs100882	60	96	44	200	0.46
rs100883	39	111	50	200	0.5275
rs100884	155	39	6	200	0.1275
rs100885	126	62	12	200	0.215
rs100886	75	91	34	200	0.3975
rs100887	81	99	20	200	0.3475
rs100888	158	38	4	200	0.115
rs100889	72	95	33	200	0.4025
rs100890	140	56	4	200	0.16
rs100891	143	54	3	200	0.15
rs100892	94	89	17	200	0.3075
rs100893	100	80	20	200	0.3
rs100894	103	72	25	200	0.305
rs100895	168	31	1	200	0.0825
rs100896	65	91	44	200	0.4475
rs100897	144	48	8	200	0.16
rs100898	161	37	2	200	0.1025
rs100899	57	101	42	200	0.4625
rs100900	55	96	49	200	0.485
rs100901	61	96	43	200	0.455
rs100902	75	86	39	200	0.41
rs100903	79	93	28	200	0.3725
rs100904	97	84	19	200	0.305
rs100905	165	34	1	200	0.09
rs100906	129	63	8	200	0.1975
rs100907	116	69	15	200	0.2475
rs100908	140	55	5	200	0.1625
rs100909	73	101	26	200	0.3825
rs100910	118	73	9	200	0.2275
rs100911	153	47	0	200	0.1175
rs100912	147	49	4	200	0.1425
rs100913	87	81	32	200	0.3625
rs100914	172	27	1	200	0.0725
rs100915	60	104	36	200	0.44
rs100916	117	71	12	200	0.2375
rs100917	100	86	14	200	0.285
rs100918	88	93	19	200	0.3275
rs100919	84	77	39	200	0.3875
rs100920	117	75	8	200	0.2275
rs100921	86	89	25	200	0.3475
rs100922	106	77	17	200	0.2775
rs100923	135	58	7	200	0.18
rs100924	49	99	52	200	0.5075
rs100925	67	104	29	200	0.405
rs100926	82	95	23	200	0.3525
rs100927	58	112	30	200	0.43
rs100928	70	100	30	200	0.4
rs100929	69	94	37	200	0.42
rs100930	67	101	32	200	0.4125
rs100931	72	97	31	200	0.3975
rs100932	82	98	20	200	0.345
rs100933	77	101	22	200	0.3625
rs100934	73	92	35	200	0.405
rs100935	159	38	3	200	0.11
rs100936	56	113	31	200	0.4375
rs100937	58	101	41	200	0.4575
rs100938	169	30	1	200	0.08
rs100939	74	94	32	200	0.395
rs100940	164	30	6	200	0.105
rs100941	123	66	11	200	0.22
rs100942	66	106	28	200	0.405
rs100943	152	46	2	200	0.125
rs100944	86	84	30	200	0.36
rs100945	58	102	40	200	0.455
rs100946	102	80	18	200	0.29
rs100947	174	26	0	200	0.065
rs100948	127	67	6	200	0.1975
rs100949	98	85	17	200	0.2975
rs100950	54	93	53	200	0.4975
rs100951	76	95	29	200	0.3825
rs100952	140	56	4	200	0.16
rs100953	83	89	28	200	0.3625
rs100954	105	85	10	200	0.2625
rs100955	72	96	32	200	0.4
rs100956	159	38	3	200	0.11
rs100957	86	86	28	200	0.355
rs100958	112	66	22	200	0.275
rs100959	51	98	51	200	0.5
rs100960	131	58	11	200	0.2
rs100961	81	92	27	200	0.365
rs100962	54	100	46	200	0.48
rs100963	160	39	1	200	0.1025
rs100964	55	94	51	200	0.49
rs100965	68	100	32	200	0.41
rs100966	168	32	0	200	0.08
rs100967	125	72	3	200	0.195
rs100968	76	92	32	200	0.39
rs100969	174	26	0	200	0.065
rs100970	99	81	20	200	0.3025
rs100971	129	57	14	200	0.2125
rs100972	91	93	16	200	0.3125
rs100973	168	30	2	200	0.085
rs100974	58	98	44	200	0.465
rs100975	53	97	50	200	0.4925
rs100976	58	103	39	200	0.4525
rs100977	57	103	40	200	0.4575
rs100978	169	29	2	200	0.0825
rs100979	78	100	22	200	0.36
rs100980	177	23	0	200	0.0575
rs100981	173	25	2	200	0.0725
rs100982	139	56	5	200	0.165
rs100983	102	77	21	200	0.2975
rs100984	77	91	32	200	0.3875
rs100985	82	93	25	200	0.3575
rs100986	116	70	14	200	0.245
rs100987	155	43	2	200	0.1175
rs100988	57	96	47	200	0.475
rs100989	96	92	12	200	0.29
rs100990	123	61	16	200	0.2325
rs100991	152	48	0	200	0.12
rs100992	81	90	29	200	0.37
rs100993	79	99	22	200	0.3575
rs100994	144	54	2	200	0.145
rs100995	165	32	3	200	0.095
rs100996	69	103	28	200	0.3975
rs100997	88	90	22	200	0.335
rs100998	131	63	6	200	0.1875
rs100999	63	100	37	200	0.435
rs101000	156	39	5	200	0.1225
rs101001	105	84	11	200	0.265
rs101002	53	99	48	200	0.4875
rs101003	117	78	5	200	0.22
rs101004	93	86	21	200	0.32
rs101005	123	69	8	200	0.2125
rs101006	129	61	10	200	0.2025
rs101007	58	97	45	200	0.4675
rs101008	131	62	7	200	0.19
rs101009	58	108	34	200	0.44
rs101010	145	50	5	200	0.15
rs101011	142	53	5	200	0.1575
rs101012	172	27	1	200	0.0725
rs101013	76	95	29	200	0.3825
rs101014	125	61	14	200	0.2225
rs101015	63	102	35	200	0.43
rs101016	111	78	11	200	0.25
rs101017	57	96	47	200	0.475
rs101018	158	40	2	200	0.11
rs101019	66	103	31	200	0.4125
rs101020	69	95	36	200	0.4175
rs101021	79	88	33	200	0.385
rs101022	63	101	36	200	0.4325
rs101023	83	86	31	200	0.37
rs101024	89	90	21	200	0.33
rs101025	153	45	2	200	0.1225
rs101026	168	31	1	200	0.0825
rs101027	55	106	39	200	0.46
rs101028	81	97	22	200	0.3525
rs101029	70	102	28	200	0.395
rs101030	120	71	9	200	0.2225
rs101031	169	30	1	200	0.08
rs101032	163	33	4	200	0.1025
rs101033	87	96	17	200	0.325
rs101034	126	64	10	200	0.21
rs101035	144	55	1	200	0.1425
rs101036	106	79	15	200	0.2725
rs101037	168	31	1	200	0.0825
rs101038	99	72	29	200	0.325
rs101039	144	47	9	200	0.1625
rs101040	75	96	29	200	0.385
rs101041	131	63	6	200	0.1875
rs101042	117	69	14	200	0.2425
rs101043	178	21	1	200	0.0575
rs101044	166	34	0	200	0.085
rs101045	118	75	7	200	0.2225
rs101046	129	60	11	200	0.205
rs101047	87	97	16	200	0.3225
rs101048	134	58	8	200	0.185
rs101049	68	97	35	200	0.4175
rs101050	66	94	40	200	0.435
rs101051	74	93	33	200	0.3975
rs101052	177	22	1	200	0.06
rs101053	94	93	13	200	0.2975
rs101054	161	37	2	200	0.1025
rs101055	138	51	11	200	0.1825
rs101056	55	95	50	200	0.4875
rs101057	162	36	2	200	0.1
rs101058	107	88	5	200	0.245
rs101059	102	77	21	200	0.2975
rs101060	82	88	30	200	0.37
rs101061	90	86	24	200	0.335
rs101062	175	25	0	200	0.0625
rs101063	125	67	8	200	0.2075
rs101064	122	67	11	200	0.2225
rs101065	172	28	0	200	0.07
rs101066	135	50	15	200	0.2
rs101067	163	36	1	200	0.095
rs101068	164	36	0	200	0.09
rs101069	112	81	7	200	0.2375
rs101070	160	37	3	200	0.1075
rs101071	101	79	20	200	0.2975
rs101072	81	88	31	200	0.375
rs101073	64	102	34	200	0.425
rs101074	151	46	3	200	0.13
rs101075	148	47	5	200	0.1425
rs101076	158	39	3	200	0.1125
rs101077	79	90	31	200	0.38
rs101078	76	95	29	200	0.3825
rs101079	173	26	1	200	0.07
rs101080	56	93	51	200	0.4875
rs101081	171	29	0	200	0.0725
rs101082	90	86	24	200	0.335
rs101083	71	97	32	200	0.4025
rs101084	56	114	30	200	0.435
rs101085	86	77	37	200	0.3775
rs101086	75	91	34	200	0.3975
rs101087	122	67	11	200	0.2225
rs101088	58	104	38	200	0.45
rs101089	163	33	4	200	0.1025
rs101090	62	98	40	200	0.445
rs101091	102	81	17	200	0.2875
rs101092	67	105	28	200	0.4025
rs101093	117	66	17	200	0.25
rs101094	92	88	20	200	0.32
rs101095	98	87	15	200	0.2925
rs101096	76	93	31	200	0.3875
rs101097	176	22	2	200	0.065
rs101098	161	39	0	200	0.0975
rs101099	142	52	6	200	0.16
rs101100	148	49	3	200	0.1375
rs101101	50	110	40	200	0.475
rs101102	144	51	5	200	0.1525
rs101103	38	108	54	200	0.54
rs101104	131	58	11	200	0.2
rs101105	157	41	2	200	0.1125
rs101106	83	86	31	200	0.37
rs101107	75	101	24	200	0.3725
rs101108	104	79	17	200	0.2825
rs101109	100	87	13	200	0.2825
rs101110	69	108	23	200	0.385
rs101111	144	54	2	200	0.145
rs101112	53	103	44	200	0.4775
rs101113	53	103	44	200	0.4775
rs101114	88	90	22	200	0.335
rs101115	144	49	7	200	0.1575
rs101116	84	89	27	200	0.3575
rs101117	163	36	1	200	0.095
rs101118	170	29	1	200	0.0775
rs101119	133	63	4	200	0.1775
rs101120	110	66	24	200	0.285
rs101121	49	111	40	200	0.4775
rs101122	73	96	31	200	0.395
rs101123	69	96	35	200	0.415
rs101124	107	80	13	200	0.265
rs101125	133	59	8	200	0.1875
rs101126	127	65	8	200	0.2025
rs101127	49	104	47	200	0.495
rs101128	173	27	0	200	0.0675
rs101129	65	99	36	200	0.4275
rs101130	104	71	25	200	0.3025
rs101131	103	80	17	200	0.285
rs101132	67	101	32	200	0.4125
rs101133	106	83	11	200	0.2625
rs101134	57	110	33	200	0.44
rs101135	56	94	50	200	0.485
rs101136	108	80	12	200	0.26
rs101137	135	57	8	200	0.1825
rs101138	92	89	19	200	0.3175
rs101139	58	101	41	200	0.4575
rs101140	124	70	6	200	0.205
rs101141	75	105	20	200	0.3625
rs101142	92	82	26	200	0.335
rs101143	89	89	22	200	0.3325
rs101144	163	36	1	200	0.095
rs101145	67	101	32	200	0.4125
rs101146	61	106	33	200	0.43
rs101147	148	49	3	200	0.1375
rs101148	133	59	8	200	0.1875
rs101149	59	91	50	200	0.4775
rs101150	154	43	3	200	0.1225
rs101151	59	104	37	200	0.445
rs101152	120	67	13	200	0.2325
rs101153	139	55	6	200	0.1675
rs101154	71	92	37	200	0.415
rs101155	115	71	14	200	0.2475
rs101156	114	65	21	200	0.2675
rs101157	120	68	12	200	0.23
rs101158	101	78	21	200	0.3
rs101159	151	44	5	200	0.135
rs101160	115	80	5	200	0.225
rs101161	53	98	49	200	0.49
rs101162	132	57	11	200	0.1975
rs101163	100	76	24	200	0.31
rs101164	125	66	9	200	0.21
rs101165	77	81	42	200	0.4125
rs101166	166	31	3	200	0.0925
rs101167	53	90	57	200	0.51
rs101168	112	76	12	200	0.25
rs101169	151	46	3	200	0.13
rs101170	164	35	1	200	0.0925
rs101171	149	48	3	200	0.135
rs101172	99	83	18	200	0.2975
rs101173	121	71	8	200	0.2175
rs101174	76	87	37	200	0.4025
rs101175	122	65	13	200	0.2275
rs101176	131	66	3	200	0.18
rs101177	93	80	27	200	0.335
rs101178	75	94	31	200	0.39
rs101179	161	37	2	200	0.1025
rs101180	156	36	8	200	0.13
rs101181	183	15	2	200	0.0475
rs101182	79	95	26	200	0.3675
rs101183	78	86	36	200	0.395
rs101184	106	84	10	200	0.26
rs101185	73	84	43	200	0.425
rs101186	67	99	34	200	0.4175
rs101187	97	79	24	200	0.3175
rs101188	68	103	29	200	0.4025
rs101189	148	44	8	200	0.15
rs101190	157	41	2	200	0.1125
rs101191	144	48	8	200	0.16
rs101192	173	27	0	200	0.0675
rs101193	98	93	9	200	0.2775
rs101194	58	81	61	200	0.5075
rs101195	166	33	1	200	0.0875
rs101196	157	43	0	200	0.1075
rs101197	109	78	13	200	0.26
rs101198	55	101	44	200	0.4725
rs101199	132	64	4	200	0.18
rs101200	103	78	19	200	0.29
rs101201	175	25	0	200	0.0625
rs101202	161	36	3	200	0.105
rs101203	47	94	59	200	0.53
rs101204	42	103	55	200	0.5325
rs101205	183	16	1	200	0.045
rs101206	55	112	33	200	0.445
rs101207	96	85	19	200	0.3075
rs101208	70	100	30	200	0.4
rs101209	94	86	20	200	0.315
rs101210	100	79	21	200	0.3025
rs101211	104	83	13	200	0.2725
rs101212	82	98	20	200	0.345
rs101213	153	45	2	200	0.1225
rs101214	165	35	0	200	0.0875
rs101215	127	62	11	200	0.21
rs101216	75	94	31	200	0.39
rs101217	149	50	1	200	0.13
rs101218	97	79	24	200	0.3175
rs101219	41	102	57	200	0.54
rs101220	163	34	3	200	0.1
rs101221	92	89	19	200	0.3175
rs101222	120	69	11	200	0.2275
rs101223	61	107	32	200	0.4275
rs101224	152	46	2	200	0.125
rs101225	70	100	30	200	0.4
rs101226	64	88	48	200	0.46
rs101227	47	99	54	200	0.5175
rs101228	96	74	30	200	0.335
rs101229	109	78	13	200	0.26
rs101230	93	86	21	200	0.32
rs101231	59	113	28	200	0.4225
rs101232	97	84	19	200	0.305
rs101233	175	25	0	200	0.0625
rs101234	60	107	33	200	0.4325
rs101235	89	79	32	200	0.3575
rs101236	79	101	20	200	0.3525
rs101237	146	51	3	200	0.1425
rs101238	73	91	36	200	0.4075
rs101239	112	74	14	200	0.255
rs101240	83	93	24	200	0.3525
rs101241	166	33	1	200	0.0875
rs101242	88	95	17	200	0.3225
rs101243	68	96	36	200	0.42
rs101244	175	23	2	200	0.0675
rs101245	52	105	43	200	0.4775
rs101246	128	65	7	200	0.1975
rs101247	63	104	33	200	0.425
rs101248	76	94	30	200	0.385
rs101249	101	78	21	200	0.3
rs101250	81	94	25	200	0.36
rs101251	54	109	37	200	0.4575
rs101252	115	76	9	200	0.235
rs101253	108	77	15	200	0.2675
rs101254	73	99	28	200	0.3875
rs101255	71	84	45	200	0.435
rs101256	80	91	29	200	0.3725
rs101257	67	96	37	200	0.425
rs101258	115	76	9	200	0.235
rs101259	60	106	34	200	0.435
rs101260	159	37	4	200	0.1125
rs101261	104	81	15	200	0.2775
rs101262	178	20	2	200	0.06
rs101263	134	60	6	200	0.18
rs101264	122	72	6	200	0.21
rs101265	119	70	11	200	0.23
rs101266	100	87	13	200	0.2825
rs101267	119	67	14	200	0.2375
rs101268	104	83	13	200	0.2725
rs101269	148	50	2	200	0.135
rs101270	122	70	8	200	0.215
rs101271	158	40	2	200	0.11
rs101272	168	28	4	200	0.09
rs101273	93	82	25	200	0.33
rs101274	78	92	30	200	0.38
rs101275	93	82	25	200	0.33
rs101276	109	81	10	200	0.2525
rs101277	121	67	12	200	0.2275
rs101278	61	97	42	200	0.4525
rs101279	103	82	15	200	0.28
rs101280	108	81	11	200	0.2575
rs101281	181	17	2	200	0.0525
rs101282	128	59	13	200	0.2125
rs101283	121	71	8	200	0.2175
rs101284	106	84	10	200	0.26
rs101285	88	96	16	200	0.32
rs101286	97	84	19	200	0.305
rs101287	100	77	23	200	0.3075
rs101288	78	90	32	200	0.385
rs101289	69	96	35	200	0.415
rs101290	81	90	29	200	0.37
rs101291	52	103	45	200	0.4825
rs101292	182	18	0	200	0.045
rs101293	152	46	2	200	0.125
rs101294	170	30	0	200	0.075
rs101295	91	82	27	200	0.34
rs101296	61	96	43	200	0.455
rs101297	138	56	6	200	0.17
rs101298	47	107	46	200	0.4975
rs101299	178	22	0	200	0.055
rs101300	63	99	38	200	0.4375
rs101301	135	57	8	200	0.1825
rs101302	163	36	1	200	0.095
rs101303	100	89	11	200	0.2775
rs101304	131	59	10	200	0.1975
rs101305	131	63	6	200	0.1875
rs101306	128	63	9	200	0.2025
rs101307	79	96	25	200	0.365
rs101308	91	93	16	200	0.3125
rs101309	128	64	8	200	0.2
rs101310	97	82	21	200	0.31
rs101311	80	89	31	200	0.3775
rs101312	143	51	6	200	0.1575
rs101313	120	65	15	200	0.2375
rs101314	170	26	4	200	0.085
rs101315	144	49	7	200	0.1575
rs101316	87	91	22	200	0.3375
rs101317	153	45	2	200	0.1225
rs101318	100	89	11	200	0.2775
rs101319	85	91	24	200	0.3475
rs101320	162	36	2	200	0.1
rs101321	93	89	18	200	0.3125
rs101322	144	50	6	200	0.155
rs101323	49	100	51	200	0.505
rs101324	107	85	8	200	0.2525
rs101325	69	89	42	200	0.4325
rs101326	87	87	26	200	0.3475
rs101327	170	28	2	200	0.08
rs101328	86	89	25	200	0.3475
rs101329	56	91	53	200	0.4925
rs101330	89	93	18	200	0.3225
rs101331	65	99	36	200	0.4275
rs101332	49	98	53	200	0.51
rs101333	144	54	2	200	0.145
rs101334	147	49	4	200	0.1425
rs101335	95	78	27	200	0.33
rs101336	100	90	10	200	0.275
rs101337	79	86	35	200	0.39
rs101338	54	111	35	200	0.4525
rs101339	112	80	8	200	0.24
rs101340	139	54	7	200	0.17
rs101341	58	116	26	200	0.42
rs101342	125	69	6	200	0.2025
rs101343	62	104	34	200	0.43
rs101344	119	73	8	200	0.2225
rs101345	90	85	25	200	0.3375
rs101346	169	29	2	200	0.0825
rs101347	84	91	25	200	0.3525
rs101348	120	68	12	200	0.23
rs101349	94	87	19	200	0.3125
rs101350	149	48	3	200	0.135
rs101351	75	99	26	200	0.3775
rs101352	67	98	35	200	0.42
rs101353	139	57	4	200	0.1625
rs101354	175	22	3	200	0.07
rs101355	167	32	1	200	0.085
rs101356	78	101	21	200	0.3575
rs101357	83	96	21	200	0.345
rs101358	90	97	13	200	0.3075
rs101359	145	48	7	200	0.155
rs101360	114	72	14	200	0.25
rs101361	98	86	16	200	0.295
rs101362	101	78	21	200	0.3
rs101363	58	93	49	200	0.4775
rs101364	153	44	3	200	0.125
rs101365	80	94	26	200	0.365
rs101366	125	64	11	200	0.215
rs101367	117	73	10	200	0.2325
rs101368	65	106	29	200	0.41
rs101369	86	88	26	200	0.35
rs101370	53	99	48	200	0.4875
rs101371	163	36	1	200	0.095
rs101372	152	44	4	200	0.13
rs101373	84	102	14	200	0.325
rs101374	78	97	25	200	0.3675
rs101375	136	56	8	200	0.18
rs101376	165	32	3	200	0.095
rs101377	171	28	1	200	0.075
rs101378	56	96	48	200	0.48
rs101379	148	49	3	200	0.1375
rs101380	123	66	11	200	0.22
rs101381	147	45	8	200	0.1525
rs101382	121	72	7	200	0.215
rs101383	179	20	1	200	0.055
rs101384	94	90	16	200	0.305
rs101385	171	27	2	200	0.0775
rs101386	75	95	30	200	0.3875
rs101387	145	46	9	200	0.16
rs101388	90	93	17	200	0.3175
rs101389	76	88	36	200	0.4
rs101390	85	99	16	200	0.3275
rs101391	103	82	15	200	0.28
rs101392	138	58	4	200	0.165
rs101393	128	66	6	200	0.195
rs101394	79	96	25	200	0.365
rs101395	50	104	46	200	0.49
rs101396	91	83	26	200	0.3375
rs101397	96	93	11	200	0.2875
rs101398	80	94	26	200	0.365
rs101399	122	67	11	200	0.2225
rs101400	173	23	4	200	0.0775
rs101401	99	89	12	200	0.2825
rs101402	48	97	55	200	0.5175
rs101403	152	44	4	200	0.13
rs101404	92	84	24	200	0.33
rs101405	151	45	4	200	0.1325
rs101406	100	82	18	200	0.295
rs101407	164	35	1	200	0.0925
rs101408	101	89	10	200	0.2725
rs101409	81	92	27	200	0.365
rs101410	130	63	7	200	0.1925
rs101411	87	89	24	200	0.3425
rs101412	77	101	22	200	0.3625
rs101413	49	108	43	200	0.485
rs101414	146	49	5	200	0.1475
rs101415	110	71	19	200	0.2725
rs101416	161	39	0	200	0.0975
rs101417	47	98	55	200	0.52
rs101418	66	95	39	200	0.4325
rs101419	90	80	30	200	0.35
rs101420	74	98	28	200	0.385
rs101421	95	89	16	200	0.3025
rs101422	97	85	18	200	0.3025
rs101423	175	24	1	200	0.065
rs101424	66	97	37	200	0.4275
rs101425	159	39	2	200	0.1075
rs101426	57	106	37	200	0.45
rs101427	70	85	45	200	0.4375
rs101428	71	98	31	200	0.4
rs101429	181	17	2	200	0.0525
rs101430	128	67	5	200	0.1925
rs101431	135	60	5	200	0.175
rs101432	135	55	10	200	0.1875
rs101433	164	34	2	200	0.095
rs101434	64	93	43	200	0.4475
rs101435	90	95	15	200	0.3125
rs101436	131	67	2	200	0.1775
rs101437	127	56	17	200	0.225
rs101438	120	67	13	200	0.2325
rs101439	97	87	16	200	0.2975
rs101440	116	73	11	200	0.2375
rs101441	61	102	37	200	0.44
rs101442	104	78	18	200	0.285
rs101443	38	115	47	200	0.5225
rs101444	68	100	32	200	0.41
rs101445	152	45	3	200	0.1275
rs101446	61	87	52	200	0.4775
rs101447	162	37	1	200	0.0975
rs101448	68	99	33	200	0.4125
rs101449	119	74	7	200	0.22
rs101450	60	109	31	200	0.4275
rs101451	72	97	31	200	0.3975
rs101452	65	100	35	200	0.425
rs101453	62	100	38	200	0.44
rs101454	136	63	1	200	0.1625
rs101455	167	31	2	200	0.0875
rs101456	105	83	12	200	0.2675
rs101457	150	49	1	200	0.1275
rs101458	89	92	19	200	0.325
rs101459	113	75	12	200	0.2475
rs101460	49	106	45	200	0.49
rs101461	88	97	15	200	0.3175
rs101462	74	92	34	200	0.4
rs101463	158	39	3	200	0.1125
rs101464	63	104	33	200	0.425
rs101465	59	101	40	200	0.4525
rs101466	103	82	15	200	0.28
rs101467	86	88	26	200	0.35
rs101468	74	103	23	200	0.3725
rs101469	149	44	7	200	0.145
rs101470	92	89	19	200	0.3175
rs101471	122	75	3	200	0.2025
rs101472	159	40	1	200	0.105
rs101473	117	74	9	200	0.23
rs101474	170	29	1	200	0.0775
rs101475	184	16	0	200	0.04
rs101476	149	48	3	200	0.135
rs101477	52	105	43	200	0.4775
rs101478	99	84	17	200	0.295
rs101479	58	102	40	200	0.455
rs101480	113	80	7	200	0.235
rs101481	131	66	3	200	0.18
rs101482	106	87	7	200	0.2525
rs101483	112	77	11	200	0.2475
rs101484	165	33	2	200	0.0925
rs101485	94	84	22	200	0.32
rs101486	146	52	2	200	0.14
rs101487	88	92	20	200	0.33
rs101488	83	98	19	200	0.34
rs101489	161	34	5	200	0.11
rs101490	170	29	1	200	0.0775
rs101491	73	93	34	200	0.4025
rs101492	102	78	20	200	0.295
rs101493	169	30	1	200	0.08
rs101494	56	100	44	200	0.47
rs101495	164	35	1	200	0.0925
rs101496	89	92	19	200	0.325
rs101497	55	95	50	200	0.4875
rs101498	135	59	6	200	0.1775
rs101499	158	38	4	200	0.115
rs101500	161	36	3	200	0.105
rs101501	130	64	6	200	0.19
rs101502	163	36	1	200	0.095
rs101503	91	89	20	200	0.3225
rs101504	169	31	0	200	0.0775
rs101505	98	81	21	200	0.3075
rs101506	49	97	54	200	0.5125
rs101507	72	98	30	200	0.395
rs101508	97	81	22	200	0.3125
rs101509	134	60	6	200	0.18
rs101510	95	90	15	200	0.3
rs101511	115	70	15	200	0.25
rs101512	128	58	14	200	0.215
rs101513	152	45	3	200	0.1275
rs101514	67	96	37	200	0.425
rs101515	107	83	10	200	0.2575
rs101516	144	55	1	200	0.1425
rs101517	110	71	19	200	0.2725
rs101518	128	61	11	200	0.2075
rs101519	66	97	37	200	0.4275
rs101520	82	93	25	200	0.3575
rs101521	72	89	39	200	0.4175
rs101522	184	16	0	200	0.04
rs101523	120	66	14	200	0.235
rs101524	124	61	15	200	0.2275
rs101525	188	10	2	200	0.035
rs101526	139	57	4	200	0.1625
rs101527	79	86	35	200	0.39
rs101528	154	45	1	200	0.1175
rs101529	99	80	21	200	0.305
rs101530	146	50	4	200	0.145
rs101531	179	20	1	200	0.055
rs101532	146	48	6	200	0.15
rs101533	52	107	41	200	0.4725
rs101534	64	103	33	200	0.4225
rs101535	56	100	44	200	0.47
rs101536	97	86	17	200	0.3
rs101537	165	33	2	200	0.0925
rs101538	100	81	19	200	0.2975
rs101539	104	80	16	200	0.28
rs101540	66	93	41	200	0.4375
rs101541	172	27	1	200	0.0725
rs101542	114	77	9	200	0.2375
rs101543	166	32	2	200	0.09
rs101544	123	70	7	200	0.21
rs101545	77	99	24	200	0.3675
rs101546	107	78	15	200	0.27
rs101547	124	66	10	200	0.215
rs101548	118	73	9	200	0.2275
rs101549	112	78	10	200	0.245
rs101550	71	98	31	200	0.4
rs101551	51	99	50	200	0.4975
rs101552	54	104	42	200	0.47
rs101553	77	91	32	200	0.3875
rs101554	140	55	5	200	0.1625
rs101555	78	100	22	200	0.36
rs101556	116	71	13	200	0.2425
rs101557	155	45	0	200	0.1125
rs101558	67	95	38	200	0.4275
rs101559	172	26	2	200	0.075
rs101560	56	88	56	200	0.5
rs101561	114	68	18	200	0.26
rs101562	84	99	17	200	0.3325
rs101563	84	98	18	200	0.335
rs101564	55	105	40	200	0.4625
rs101565	91	89	20	200	0.3225
rs101566	108	79	13	200	0.2625
rs101567	168	30	2	200	0.085
rs101568	107	76	17	200	0.275
rs101569	160	39	1	200	0.1025
rs101570	84	87	29	200	0.3625
rs101571	95	86	19	200	0.31
rs101572	70	99	31	200	0.4025
rs101573	166	34	0	200	0.085
rs101574	164	35	1	200	0.0925
rs101575	96	81	23	200	0.3175
rs101576	178	22	0	200	0.055
rs101577	172	27	1	200	0.0725
rs101578	182	17	1	200	0.0475
rs101579	50	102	48	200	0.495
rs101580	76	99	25	200	0.3725
rs101581	129	64	7	200	0.195
rs101582	134	58	8	200	0.185
rs101583	129	60	11	200	0.205
rs101584	74	92	34	200	0.4
rs101585	88	92	20	200	0.33
rs101586	141	56	3	200	0.155
rs101587	149	46	5	200	0.14
rs101588	175	24	1	200	0.065
rs101589	90	85	25	200	0.3375
rs101590	82	83	35	200	0.3825
rs101591	140	48	12	200	0.18
rs101592	171	29	0	200	0.0725
rs101593	170	29	1	200	0.0775
rs101594	53	104	43	200	0.475
rs101595	139	54	7	200	0.17
rs101596	69	98	33	200	0.41
rs101597	90	91	19	200	0.3225
rs101598	130	55	15	200	0.2125
rs101599	140	57	3	200	0.1575
rs101600	164	34	2	200	0.095
rs101601	96	91	13	200	0.2925
rs101602	64	97	39	200	0.4375
rs101603	83	93	24	200	0.3525
rs101604	96	80	24	200	0.32
rs101605	173	27	0	200	0.0675
rs101606	51	89	60	200	0.5225
rs101607	57	108	35	200	0.445
rs101608	143	52	5	200	0.155
rs101609	49	101	50	200	0.5025
rs101610	82	90	28	200	0.365
rs101611	90	91	19	200	0.3225
rs101612	72	100	28	200	0.39
rs101613	73	100	27	200	0.385
rs101614	78	105	17	200	0.3475
rs101615	159	40	1	200	0.105
rs101616	130	64	6	200	0.19
rs101617	66	84	50	200	0.46
rs101618	141	55	4	200	0.1575
rs101619	131	63	6	200	0.1875
rs101620	119	74	7	200	0.22
rs101621	107	83	10	200	0.2575
rs101622	89	92	19	200	0.325
rs101623	57	103	40	200	0.4575
rs101624	143	51	6	200	0.1575
rs101625	168	30	2	200	0.085
rs101626	139	55	6	200	0.1675
rs101627	60	105	35	200	0.4375
rs101628	86	85	29	200	0.3575
rs101629	140	56	4	200	0.16
rs101630	64	108	28	200	0.41
rs101631	59	96	45	200	0.465
rs101632	72	93	35	200	0.4075
rs101633	64	80	56	200	0.48
rs101634	138	57	5	200	0.1675
rs101635	75	100	25	200	0.375
rs101636	109	75	16	200	0.2675
rs101637	67	87	46	200	0.4475
rs101638	77	90	33	200	0.39
rs101639	72	92	36	200	0.41
rs101640	77	85	38	200	0.4025
rs101641	151	45	4	200	0.1325
rs101642	100	79	21	200	0.3025
rs101643	49	103	48	200	0.4975
rs101644	52	109	39	200	0.4675
rs101645	177	23	0	200	0.0575
rs101646	154	45	1	200	0.1175
rs101647	147	49	4	200	0.1425
rs101648	82	88	30	200	0.37
rs101649	66	97	37	200	0.4275
rs101650	152	47	1	200	0.1225
rs101651	99	88	13	200	0.285
rs101652	64	91	45	200	0.4525
rs101653	72	102	26	200	0.385
rs101654	99	85	16	200	0.2925
rs101655	107	78	15	200	0.27
rs101656	101	85	14	200	0.2825
rs101657	128	66	6	200	0.195
rs101658	106	69	25	200	0.2975
rs101659	102	74	24	200	0.305
rs101660	49	113	38	200	0.4725
rs101661	92	81	27	200	0.3375
rs101662	68	94	38	200	0.425
rs101663	161	38	1	200	0.1
rs101664	109	78	13	200	0.26
rs101665	185	15	0	200	0.0375
rs101666	136	62	2	200	0.165
rs101667	85	84	31	200	0.365
rs101668	45	103	52	200	0.5175
rs101669	152	46	2	200	0.125
rs101670	115	78	7	200	0.23
rs101671	72	94	34	200	0.405
rs101672	136	60	4	200	0.17
rs101673	102	81	17	200	0.2875
rs101674	69	102	29	200	0.4
rs101675	83	98	19	200	0.34
rs101676	149	48	3	200	0.135
rs101677	127	63	10	200	0.2075
rs101678	82	88	30	200	0.37
rs101679	94	88	18	200	0.31
rs101680	177	22	1	200	0.06
rs101681	70	95	35	200	0.4125
rs101682	176	23	1	200	0.0625
rs101683	80	95	25	200	0.3625
rs101684	133	60	7	200	0.185
rs101685	52	101	47	200	0.4875
rs101686	129	64	7	200	0.195
rs101687	134	61	5	200	0.1775
rs101688	153	45	2	200	0.1225
rs101689	126	66	8	200	0.205
rs101690	46	116	38	200	0.48
rs101691	50	100	50	200	0.5
rs101692	121	69	10	200	0.2225
rs101693	115	74	11	200	0.24
rs101694	81	91	28	200	0.3675
rs101695	60	107	33	200	0.4325
rs101696	91	93	16	200	0.3125
rs101697	121	65	14	200	0.2325
rs101698	116	75	9	200	0.2325
rs101699	89	91	20	200	0.3275
rs101700	178	22	0	200	0.055
rs101701	85	100	15	200	0.325
rs101702	125	70	5	200	0.2
rs101703	72	92	36	200	0.41
rs101704	164	36	0	200	0.09
rs101705	98	79	23	200	0.3125
rs101706	108	80	12	200	0.26
rs101707	90	90	20	200	0.325
rs101708	162	38	0	200	0.095
rs101709	115	67	18	200	0.2575
rs101710	88	90	22	200	0.335
rs101711	104	84	12	200	0.27
rs101712	97	83	20	200	0.3075
rs101713	98	76	26	200	0.32
rs101714	64	104	32	200	0.42
rs101715	157	40	3	200	0.115
rs101716	67	90	43	200	0.44
rs101717	115	69	16	200	0.2525
rs101718	166	33	1	200	0.0875
rs101719	171	28	1	200	0.075
rs101720	123	70	7	200	0.21
rs101721	78	89	33	200	0.3875
rs101722	80	91	29	200	0.3725
rs101723	60	101	39	200	0.4475
rs101724	108	77	15	200	0.2675
rs101725	111	76	13	200	0.255
rs101726	166	31	3	200	0.0925
rs101727	141	55	4	200	0.1575
rs101728	108	80	12	200	0.26
rs101729	163	34	3	200	0.1
rs101730	137	55	8	200	0.1775
rs101731	89	96	15	200	0.315
rs101732	70	99	31	200	0.4025
rs101733	46	104	50	200	0.51
rs101734	51	92	57	200	0.515
rs101735	97	79	24	200	0.3175
rs101736	130	61	9	200	0.1975
rs101737	76	96	28	200	0.38
rs101738	73	98	29	200	0.39
rs101739	162	37	1	200	0.0975
rs101740	120	65	15	200	0.2375
rs101741	65	93	42	200	0.4425
rs101742	110	80	10	200	0.25
rs101743	89	99	12	200	0.3075
rs101744	89	88	23	200	0.335
rs101745	155	43	2	200	0.1175
rs101746	132	56	12	200	0.2
rs101747	131	60	9	200	0.195
rs101748	181	18	1	200	0.05
rs101749	184	14	2	200	0.045
rs101750	68	102	30	200	0.405
rs101751	135	62	3	200	0.17
rs101752	105	81	14	200	0.2725
rs101753	131	61	8	200	0.1925
rs101754	47	104	49	200	0.505
rs101755	139	55	6	200	0.1675
rs101756	106	78	16	200	0.275
rs101757	64	100	36	200	0.43
rs101758	56	109	35	200	0.4475
rs101759	158	40	2	200	0.11
rs101760	79	95	26	200	0.3675
rs101761	106	87	7	200	0.2525
rs101762	107	80	13	200	0.265
rs101763	153	44	3	200	0.125
rs101764	162	35	3	200	0.1025
rs101765	79	92	29	200	0.375
rs101766	106	81	13	200	0.2675
rs101767	117	72	11	200	0.235
rs101768	86	96	18	200	0.33
rs101769	64	92	44	200	0.45
rs101770	161	35	4	200	0.1075
rs101771	95	83	22	200	0.3175
rs101772	161	38	1	200	0.1
rs101773	68	94	38	200	0.425
rs101774	87	89	24	200	0.3425
rs101775	47	102	51	200	0.51
rs101776	175	24	1	200	0.065
rs101777	175	23	2	200	0.0675
rs101778	131	59	10	200	0.1975
rs101779	139	58	3	200	0.16
rs101780	135	59	6	200	0.1775
rs101781	68	96	36	200	0.42
rs101782	127	66	7	200	0.2
rs101783	143	51	6	200	0.1575
rs101784	93	78	29	200	0.34
rs101785	115	66	19	200	0.26
rs101786	71	101	28	200	0.3925
rs101787	168	32	0	200	0.08
rs101788	111	79	10	200	0.2475
rs101789	174	24	2	200	0.07
rs101790	164	36	0	200	0.09
rs101791	58	96	46	200	0.47
rs101792	164	36	0	200	0.09
rs101793	100	80	20	200	0.3
rs101794	114	73	13	200	0.2475
rs101795	125	66	9	200	0.21
rs101796	48	108	44	200	0.49
rs101797	167	32	1	200	0.085
rs101798	73	97	30	200	0.3925
rs101799	57	106	37	200	0.45
rs101800	95	82	23	200	0.32
rs101801	55	99	46	200	0.4775
rs101802	174	26	0	200	0.065
rs101803	114	78	8	200	0.235
rs101804	129	63	8	200	0.1975
rs101805	89	82	29	200	0.35
rs101806	42	108	50	200	0.52
rs101807	136	62	2	200	0.165
rs101808	98	77	25	200	0.3175
rs101809	152	44	4	200	0.13
rs101810	97	81	22	200	0.3125
rs101811	110	71	19	200	0.2725
rs101812	51	104	45	200	0.485
rs101813	90	86	24	200	0.335
rs101814	111	79	10	200	0.2475
rs101815	174	23	3	200	0.0725
rs101816	159	39	2	200	0.1075
rs101817	143	48	9	200	0.165
rs101818	144	54	2	200	0.145
rs101819	70	95	35	200	0.4125
rs101820	104	83	13	200	0.2725
rs101821	93	96	11	200	0.295
rs101822	167	32	1	200	0.085
rs101823	69	95	36	200	0.4175
rs101824	81	91	28	200	0.3675
rs101825	175	25	0	200	0.0625
rs101826	78	95	27	200	0.3725
rs101827	102	76	22	200	0.3
rs101828	170	29	1	200	0.0775
rs101829	108	81	11	200	0.2575
rs101830	110	79	11	200	0.2525
rs101831	150	49	1	200	0.1275
rs101832	62	105	33	200	0.4275
rs101833	59	105	36	200	0.4425
rs101834	81	91	28	200	0.3675
rs101835	108	78	14	200	0.265
rs101836	100	91	9	200	0.2725
rs101837	93	79	28	200	0.3375
rs101838	110	70	20	200	0.275
rs101839	169	30	1	200	0.08
rs101840	95	87	18	200	0.3075
rs101841	69	91	40	200	0.4275
rs101842	132	59	9	200	0.1925
rs101843	185	14	1	200	0.04
rs101844	78	88	34	200	0.39
rs101845	141	59	0	200	0.1475
rs101846	141	52	7	200	0.165
rs101847	149	50	1	200	0.13
rs101848	125	72	3	200	0.195
rs101849	63	103	34	200	0.4275
rs101850	110	77	13	200	0.2575
rs101851	143	54	3	200	0.15
rs101852	52	101	47	200	0.4875
rs101853	58	105	37	200	0.4475
rs101854	63	100	37	200	0.435
rs101855	141	53	6	200	0.1625
rs101856	109	68	23	200	0.285
rs101857	55	96	49	200	0.485
rs101858	64	99	37	200	0.4325
rs101859	182	17	1	200	0.0475
rs101860	167	32	1	200	0.085
rs101861	116	77	7	200	0.2275
rs101862	65	90	45	200	0.45
rs101863	106	73	21	200	0.2875
rs101864	101	84	15	200	0.285
rs101865	163	35	2	200	0.0975
rs101866	98	78	24	200	0.315
rs101867	52	106	42	200	0.475
rs101868	131	59	10	200	0.1975
rs101869	71	90	39	200	0.42
rs101870	56	94	50	200	0.485
rs101871	157	37	6	200	0.1225
rs101872	109	71	20	200	0.2775
rs101873	131	65	4	200	0.1825
rs101874	71	101	28	200	0.3925
rs101875	102	78	20	200	0.295
rs101876	101	75	24	200	0.3075
rs101877	71	92	37	200	0.415
rs101878	135	57	8	200	0.1825
rs101879	52	111	37	200	0.4625
rs101880	113	69	18	200	0.2625
rs101881	150	46	4	200	0.135
rs101882	80	91	29	200	0.3725
rs101883	51	119	30	200	0.4475
rs101884	122	70	8	200	0.215
rs101885	71	88	41	200	0.425
rs101886	54	92	54	200	0.5
rs101887	138	55	7	200	0.1725
rs101888	54	98	48	200	0.485
rs101889	145	51	4	200	0.1475
rs101890	147	51	2	200	0.1375
rs101891	157	41	2	200	0.1125
rs101892	68	91	41	200	0.4325
rs101893	85	94	21	200	0.34
rs101894	154	44	2	200	0.12
rs101895	116	71	13	200	0.2425
rs101896	89	89	22	200	0.3325
rs101897	166	29	5	200	0.0975
rs101898	69	86	45	200	0.44
rs101899	74	88	38	200	0.41
rs101900	105	85	10	200	0.2625
rs101901	53	89	58	200	0.5125
rs101902	122	72	6	200	0.21
rs101903	60	86	54	200	0.485
rs101904	82	98	20	200	0.345
rs101905	89	84	27	200	0.345
rs101906	146	51	3	200	0.1425
rs101907	67	93	40	200	0.4325
rs101908	126	67	7	200	0.2025
rs101909	151	48	1	200	0.125
rs101910	175	23	2	200	0.0675
rs101911	96	82	22	200	0.315
rs101912	99	81	20	200	0.3025
rs101913	79	92	29	200	0.375
rs101914	75	87	38	200	0.4075
rs101915	163	37	0	200	0.0925
rs101916	76	106	18	200	0.355
rs101917	155	40	5	200	0.125
rs101918	60	100	40	200	0.45
rs101919	65	95	40	200	0.4375
rs101920	102	82	16	200	0.285
rs101921	81	90	29	200	0.37
rs101922	140	54	6	200	0.165
rs101923	111	75	14	200	0.2575
rs101924	64	93	43	200	0.4475
rs101925	104	83	13	200	0.2725
rs101926	131	62	7	200	0.19
rs101927	106	77	17	200	0.2775
rs101928	70	96	34	200	0.41
rs101929	135	63	2	200	0.1675
rs101930	143	52	5	200	0.155
rs101931	71	100	29	200	0.395
rs101932	67	97	36	200	0.4225
rs101933	158	41	1	200	0.1075
rs101934	151	48	1	200	0.125
rs101935	159	39	2	200	0.1075
rs101936	117	70	13	200	0.24
rs101937	114	76	10	200	0.24
rs101938	76	104	20	200	0.36
rs101939	92	81	27	200	0.3375
rs101940	83	102	15	200	0.33
rs101941	129	59	12	200	0.2075
rs101942	56	105	39	200	0.4575
rs101943	109	80	11	200	0.255
rs101944	47	118	35	200	0.47
rs101945	90	83	27	200	0.3425
rs101946	158	38	4	200	0.115
rs101947	86	88	26	200	0.35
rs101948	130	59	11	200	0.2025
rs101949	71	101	28	200	0.3925
rs101950	174	25	1	200	0.0675
rs101951	149	49	2	200	0.1325
rs101952	55	115	30	200	0.4375
rs101953	145	53	2	200	0.1425
rs101954	64	102	34	200	0.425
rs101955	137	59	4	200	0.1675
rs101956	73	101	26	200	0.3825
rs101957	85	80	35	200	0.375
rs101958	108	80	12	200	0.26
rs101959	141	53	6	200	0.1625
rs101960	137	57	6	200	0.1725
rs101961	171	29	0	200	0.0725
rs101962	139	55	6	200	0.1675
rs101963	83	94	23	200	0.35
rs101964	45	115	40	200	0.4875
rs101965	76	83	41	200	0.4125
rs101966	78	97	25	200	0.3675
rs101967	76	100	24	200	0.37
rs101968	82	100	18	200	0.34
rs101969	139	55	6	200	0.1675
rs101970	59	93	48	200	0.4725
rs101971	95	84	21	200	0.315
rs101972	106	77	17	200	0.2775
rs101973	158	38	4	200	0.115
rs101974	115	62	23	200	0.27
rs101975	119	74	7	200	0.22
rs101976	58	104	38	200	0.45
rs101977	101	84	15	200	0.285
rs101978	113	79	8	200	0.2375
rs101979	54	101	45	200	0.4775
rs101980	155	43	2	200	0.1175
rs101981	108	74	18	200	0.275
rs101982	178	21	1	200	0.0575
rs101983	84	87	29	200	0.3625
rs101984	61	106	33	200	0.43
rs101985	125	68	7	200	0.205
rs101986	67	94	39	200	0.43
rs101987	138	54	8	200	0.175
rs101988	56	94	50	200	0.485
rs101989	69	100	31	200	0.405
rs101990	69	92	39	200	0.425
rs101991	178	21	1	200	0.0575
rs101992	49	104	47	200	0.495
rs101993	83	96	21	200	0.345
rs101994	134	59	7	200	0.1825
rs101995	72	89	39	200	0.4175
rs101996	137	57	6	200	0.1725
rs101997	63	88	49	200	0.465
rs101998	168	31	1	200	0.0825
rs101999	95	83	22	200	0.3175
